"id","name","slug","description","image","width","height","price","stock","createdAt","updatedAt"
1452,"Star Wars: The Rise of Skywalker","star-wars-the-rise-of-skywalker-teaser","Afslutningen på Skywalker-sagaen, hvor Rey og modstandsbevægelsen møder den sidste trussel fra Første Orden.","https://info.kinorevuen.dk/wp-content/uploads/2021/01/rise-of-skywalker-plakat-1.jpg",70,100,70,3,"2023-01-30 04:06:47","2023-01-30 04:06:47"
1456,"The Matrix Revolutions","the-matrix-revolutions","Dansk biografpremiere	05.11.2003
Plakaten har buk/folder samt små huller i hjørner fra nåle.
","https://info.kinorevuen.dk/wp-content/uploads/2021/01/matrixrevolutionsplakat.jpg",62,85,100,1,"2023-01-30 04:06:47","2023-01-30 04:06:47"
1458,"Star Wars: The Rise of Skywalker (Teaser 1)","star-wars-the-rise-of-skywalker-teaser-1","Rey fortsætter sin rejse sammen med modstandsbevægelsen i den sidste del af Star Wars-sagaen.","https://info.kinorevuen.dk/wp-content/uploads/2021/01/star-wars-tease-1.jpg",70,100,200,1,"2023-01-30 04:06:47","2023-01-30 04:06:47"
1459,"Star Wars: The Rise of Skywalker (Teaser 2)","star-wars-the-rise-of-skywalker-teaser-2","Heltene samler sig til det afgørende opgør mod Første Orden og den mørke side.","https://info.kinorevuen.dk/wp-content/uploads/2021/01/star-wars-teaser-2.jpg",70,100,85,2,"2023-01-30 04:06:47","2023-01-30 04:06:47"
1460,"Drømmebyggerne","https-www-kino-dk-sites-default-files-movie-posters-droemmebyggerne_dk_bioplakat_web-jpgitokhtzlub8n","Dansk Animationsfilm 2020
","https://info.kinorevuen.dk/wp-content/uploads/2021/01/droemmebyggerne-dk-bioplakat-web.jpg",70,100,70,5,"2023-01-30 04:06:47","2023-01-30 04:06:47"
1465,"Pelle Haleløs","pelle-haleloes","&#8216;Pelle Haleløs&#8217; er en familiefilm for store og små. baseret på børnebøgerne af den svenske forfatter Gösta Knutsson, der blev udgivet i perioden 1939-1972.
","https://info.kinorevuen.dk/wp-content/uploads/2021/01/pelle-haleloes-1.jpg",70,100,50,7,"2023-01-30 04:06:47","2023-01-30 04:06:47"
1468,"JoJo Rabbit","jojo-rabbit","&#8216;Jojo Rabbit&#8217; er instrueret af Taika Waititi der både står bag manuskript, instruktion og selv spiller rollen som Adolf Hitler. Han vandt tilmed en Oscar for sit manus.
Dansk biografpremiere 16.01.2020
","https://info.kinorevuen.dk/wp-content/uploads/2021/01/jojorabbit-1.jpg",70,100,70,6,"2023-01-30 04:06:47","2023-01-30 04:06:47"
1471,"Sonic Hedgehog","sonic-hedgehog","Sonic må samarbejde med en politibetjent for at beskytte sig mod den skøre videnskabsmand Dr. Robotnik.","https://info.kinorevuen.dk/wp-content/uploads/2021/01/sonic-hedgehog.jpg",70,100,50,4,"2023-01-30 04:06:47","2023-01-30 04:06:47"
1474,"Undtagelsen","undtagelsen","Baseret på Christian Jungersens bestseller. 
Dansk biografpremiere	02.07.2020
","https://info.kinorevuen.dk/wp-content/uploads/2021/01/undtagelsen.jpg",70,100,70,4,"2023-01-30 04:06:47","2023-01-30 04:06:47"
1476,"Ellevilde Ella","ellevilde-ella","En energisk og fantasifuld fortælling om Ella, der oplever et spændende eventyr fyldt med musik og venskab.","https://info.kinorevuen.dk/wp-content/uploads/2021/01/ellevilde-ella-pl.jpg",70,100,50,5,"2023-01-30 04:06:47","2023-01-30 04:06:47"
1478,"Hærværk","haervaerk","Filmatisering af Tom Kristensens klassiske roman.
Dansk biografpremiere	04.11.1977
Plakaten har buk/folder samt små huller i hjørner fra nåle.
","https://info.kinorevuen.dk/wp-content/uploads/2021/01/haervaerk.jpg",62,85,300,1,"2023-01-30 04:06:47","2023-01-30 04:06:47"
1484,"Harpiks","harpiks","&#8216;Harpiks&#8217; er baseret på Ane Riels roman.
Dansk biografpremiere	12.12.2019
","https://info.kinorevuen.dk/wp-content/uploads/2021/01/harpiksplakat.jpg",70,100,50,6,"2023-01-30 04:06:47","2023-01-30 04:06:47"
1487,"Pet Sematary","pet-sematary","&#8216;Pet Sematary&#8217; er baseret på Stephen Kings roman &#8216;Dyrekirkegården&#8217; fra 1983.
blev også filmatiseret i 1989 under titlen &#8220;Ondskabens Kirkegård&#8221;
Dansk biografpremiere	04.04.2019
","https://info.kinorevuen.dk/wp-content/uploads/2021/01/pet-sematary-plakat.jpg",70,100,50,3,"2023-01-30 04:06:47","2023-01-30 04:06:47"
1492,"Trolls på Verdensturné","trolls-paa-verdensturne","Dansk biografpremiere	02.07.2020
","https://info.kinorevuen.dk/wp-content/uploads/2021/01/trollspaaverdensturneplakat.jpg",70,100,70,3,"2023-01-30 04:06:47","2023-01-30 04:06:47"
1494,"Aretha Franklin - Amazing Grace","aretha-franklin-amazing-grace","Koncentfilmen &#8216;Aretha Franklin &#8211; Amazing Grace&#8217;.
Dansk biografpremiere 16.01.2020
","https://info.kinorevuen.dk/wp-content/uploads/2021/01/aretha-franklin-amazing-grace.jpg",70,100,70,2,"2023-01-30 04:06:47","2023-01-30 04:06:47"
1498,"Apocalypse Now: Final Cut","apocalypse-now-final-cut-1979","Dansk biografpremiere	28.11.2019
","https://info.kinorevuen.dk/wp-content/uploads/2021/01/apocalypse-now-dk.jpg",70,100,100,0,"2023-01-30 04:06:47","2023-01-30 04:06:47"
1501,"Frost 2","frost-2","Dansk biografpremiere	25.12.2019
","https://info.kinorevuen.dk/wp-content/uploads/2021/01/frost-2-hvdplakat.jpg",70,100,100,3,"2023-01-30 04:06:47","2023-01-30 04:06:47"
1504,"Frost 2 (Teaser 2)","frost-2-teaser","Dansk biografpremiere	25.12.2019
","https://info.kinorevuen.dk/wp-content/uploads/2021/01/frost2-teaser-1.jpg",70,100,150,3,"2023-01-30 04:06:47","2023-01-30 04:06:47"
1507,"Spioner på Missioner","spioner-paa-missioner","Dansk biografpremiere	06.02.2020
","https://info.kinorevuen.dk/wp-content/uploads/2021/01/spioner-paa-missioner-pla.jpg",70,100,50,7,"2023-01-30 04:06:47","2023-01-30 04:06:47"
1509,"The Grudge","the-grudge","Dansk biografpremiere	02.01.2020
","https://info.kinorevuen.dk/wp-content/uploads/2021/01/the-grudge.jpg",70,100,50,6,"2023-01-30 04:06:47","2023-01-30 04:06:47"
1512,"Maskernes Nat 2","maskernes-nat-2","Plakaten har buk/folder samt små huller i hjørner fra nåle.
Dansk biografpremiere	01.10.1982
","https://info.kinorevuen.dk/wp-content/uploads/2021/01/maskernes-nat-2.jpg",62,85,300,0,"2023-01-30 04:06:47","2023-01-30 04:06:47"
1514,"SamSam","samsam","Dansk biografpremiere	11.06.2020
","https://info.kinorevuen.dk/wp-content/uploads/2021/01/samsamplakat.jpg",70,100,50,6,"2023-01-30 04:06:47","2023-01-30 04:06:47"
1517,"Antebellum","antebellum","Dansk biografpremiere	17.09.2020
","https://info.kinorevuen.dk/wp-content/uploads/2021/01/antebellum-plakat.jpg",70,100,70,8,"2023-01-30 04:06:47","2023-01-30 04:06:47"
1519,"De Grønne Slagtere","de-groenne-slagtere","Dansk biografpremiere	21.03.2003
","https://info.kinorevuen.dk/wp-content/uploads/2021/01/degronneslagtere.jpg",62,85,70,0,"2023-01-30 04:06:47","2023-01-30 04:06:47"
1521,"Knives Out - Var det mord?","knives-out-var-det-mord","Dansk biografpremiere	15.12.2019
","https://info.kinorevuen.dk/wp-content/uploads/2021/01/knives-out-pl.jpg",70,100,70,5,"2023-01-30 04:06:47","2023-01-30 04:06:47"
1523,"1917","1917","Filmen er instrueret af Sam Mendes, som tidligere har stået bag film som Skyfall og American Beauty.
Fotografen Roger Deakins modtog en Oscar for cinematografien, der byder på både storslåede action-sekvenser og naturens rolige skønhed. Samtidig vandt &#8216;1917&#8217; Oscars for Bedste lydmiks og Bedste visuelle effekter.
Dansk biografpremiere	02.01.2020
","https://info.kinorevuen.dk/wp-content/uploads/2021/01/1917-plakat.jpg",70,100,100,3,"2023-01-30 04:06:47","2023-01-30 04:06:47"
1525,"Terminator - Dark Fate","terminator-dark-fate","&#8216;Terminator: Dark Fate&#8217; er den direkte efterfølger til Terminator 2: Dommedag, og har igen Arnold Schwarzenegger og Linda Hamilton i rollerne som cyborg og Sarah Connor.
Dansk biografpremiere 31.10.2019
","https://info.kinorevuen.dk/wp-content/uploads/2021/01/terminator-dark-fate-plakat.jpg",70,100,50,7,"2023-01-30 04:06:47","2023-01-30 04:06:47"
1528,"21 Bridges","21-bridges","Actionthrilleren ’21 Bridges’ er instrueret af Brian Kirk, som står bag adskillige episoder af ’Game of Thrones’.
Dansk biografpremiere 02.01.2020
","https://info.kinorevuen.dk/wp-content/uploads/2021/01/21-bridges-plakat.jpg",70,100,50,5,"2023-01-30 04:06:47","2023-01-30 04:06:47"
1532,"Birds of Prey","birds-of-prey","Filmen &#8216;Birds of Prey&#8217; er baseret på DC-tegneserierne af samme navn og har Margot Robbie tilbage i rollen som Harley Quinn, der blev introduceret i Suicide Squad.
Dansk biografpremiere 06.02.2020
","https://info.kinorevuen.dk/wp-content/uploads/2021/01/birds-of-prey-plakat.jpg",70,100,70,5,"2023-01-30 04:06:47","2023-01-30 04:06:47"
1546,"Toy Story 4 (Teaser)","toy-story-4-teaser","Dansk biografpremiere 29.08.2019
","https://info.kinorevuen.dk/wp-content/uploads/2021/01/tostory-4-teaser-1.jpg",69,102,150,2,"2023-01-30 04:06:47","2023-01-30 04:06:47"
1548,"Toy Story 4","toy-story-4","Dansk biografpremiere 29.08.2019
","https://info.kinorevuen.dk/wp-content/uploads/2021/01/toy-story-4-plakat.jpg",69,102,100,2,"2023-01-30 04:06:47","2023-01-30 04:06:47"
1550,"X - Men: Dark Phoenix  (Teaser)","x-men-dark-phoenix-teaser","Filmen er baseret på tegneserien &#8216;The Dark Phoenix Saga&#8217; af Chris Claremont og John Byrne.
&#8216;X-Men: Dark Phoenix&#8217; bliver det kulminerende kapitel i filmserien, der startede med X-Men fra 2000.
Dansk biografpremiere 06.06.2019
","https://info.kinorevuen.dk/wp-content/uploads/2021/01/xmen-dark-pho.jpg",69,102,100,3,"2023-01-30 04:06:47","2023-01-30 04:06:47"
1553,"Captain Marvel","captain-marvel","Marvels 21. film, Captain Marvel, er udover at være MCU&#8217;s første solo-film med en kvinde i front, også en action-mættet fortælling om tiden før Avengers.
Dansk biografpremiere 06.03.2019
","https://info.kinorevuen.dk/wp-content/uploads/2021/01/captain-marvel-plak.jpg",69,102,70,5,"2023-01-30 04:06:47","2023-01-30 04:06:47"
1556,"Ternet Ninja","ternet-ninja","Animationsfilmen &#8216;Ternet Ninja&#8217; er en filmatisering af Anders Matthesens populære børnebog af samme navn.
Dansk biografpremiere 25.12.2018
","https://info.kinorevuen.dk/wp-content/uploads/2021/01/ternetninja-pl.jpg",69,102,70,2,"2023-01-30 04:06:47","2023-01-30 04:06:47"
1558,"Alita: Battle Angel","1558","&#8216;Alita: Battle Angel&#8217; er baseret på Yukito Kishiros mangaserie af samme navn.
Dansk biografpremiere 14.02.2019
","https://info.kinorevuen.dk/wp-content/uploads/2021/01/alita.jpg",69,102,70,2,"2023-01-30 04:06:47","2023-01-30 04:06:47"
1563,"Beautiful Boy","beautiful-boy","&#8216;Beautiful boy&#8217; bygger på den virkelige David Sheffs biografi om stofmisbrugets uforklarlige væsen, samt hvad sygdommen betyder for ikke bare misbrugeren, men også for hele familien.
Dansk biografpremiere 17.01.2019
","https://info.kinorevuen.dk/wp-content/uploads/2021/01/beautiful-boy.jpg",69,101,100,1,"2023-01-30 04:06:47","2023-01-30 04:06:47"
1565,"Cold War","cold-war","’Cold War’ vandt prisen for bedste instruktion ved filmfestivalen i Cannes og instruktør, Pawel Pawlikowski, modtog en Oscar og en European Film Award for bedste film for sit sort-hvide mesterværk, IDA.
Dansk biografpremiere 13.12.2018
","https://info.kinorevuen.dk/wp-content/uploads/2021/01/coldwar.jpg",69,101,50,3,"2023-01-30 04:06:47","2023-01-30 04:06:47"
1568,"Destroyer","destroyer"," ”Destroyer” er en enestående moderne noirfilm: fuldstændig kompromisløs i sin skildring af en martret sjæl med udsigt til hævn og med en aldeles blændende Nicole Kidman, som du med garanti aldrig har set hende før.
Dansk biografpremiere 03.01.2019
","https://info.kinorevuen.dk/wp-content/uploads/2021/01/destroyer-pl.jpg",69,101,50,4,"2023-01-30 04:06:47","2023-01-30 04:06:47"
1570,"Max Pinlig 2","max-pinlig-2","Dansk biografpremiere 07.04.2011
","https://info.kinorevuen.dk/wp-content/uploads/2021/01/maxpinlig2.jpg",69,101,50,4,"2023-01-30 04:06:47","2023-01-30 04:06:47"
1572,"This Means War","this-means-war","Dansk biografpremiere 23.02.2012
","https://info.kinorevuen.dk/wp-content/uploads/2021/01/thismeanswarpl.jpg",69,101,50,3,"2023-01-30 04:06:47","2023-01-30 04:06:47"
1574,"Priest","priest","’Priest’ er baseret på den koreanske tegneserie af samme navn.
Dansk biografpremiere 16.06.2011
","https://info.kinorevuen.dk/wp-content/uploads/2021/01/priest.jpg",69,101,70,3,"2023-01-30 04:06:47","2023-01-30 04:06:47"
1576,"Hotel Transylvania 3: Monsterferie","transylvania-3-monsterferie"," &#8216;Hotel Transylvania 3: Monsterferie&#8217; er de velkendte gyser-figurer tilbage &#8211; og denne gang står den på sommerferie.
Dansk biografpremiere 12.07.2018
","https://info.kinorevuen.dk/wp-content/uploads/2021/01/trans-3.png",69,101,50,4,"2023-01-30 04:06:47","2023-01-30 04:06:47"
1578,"Hacker  (Teaser)","hacker-teaser","&#8216;Hacker&#8217; er instrueret af Poul Berg, der tidligere har været medforfatter på populære serier som &#8216;Herrens Veje&#8217; og julekalenderen &#8216;Tidsrejsen&#8217;, og filmen går i fodspor på andre danske, actionfyldte familiefilm som for eksempel Klatretøsen.
Dansk biografpremiere 28.03.2019
","https://info.kinorevuen.dk/wp-content/uploads/2021/01/hackerteaser.jpg",69,101,50,5,"2023-01-30 04:06:47","2023-01-30 04:06:47"
1582,"Hacker","hacker","&#8216;Hacker&#8217; er instrueret af Poul Berg, der tidligere har været medforfatter på populære serier som &#8216;Herrens Veje&#8217; og julekalenderen &#8216;Tidsrejsen&#8217;, og filmen går i fodspor på andre danske, actionfyldte familiefilm som for eksempel Klatretøsen.
Dansk biografpremiere 28.03.2019
","https://info.kinorevuen.dk/wp-content/uploads/2021/02/hacker-pl-1.jpg",69,101,50,1,"2023-01-30 04:06:47","2023-01-30 04:06:47"
1584,"Kongens Store Tale","kongens-store-tale","&#8216;Kongens store tale&#8217; vandt fire Oscars for Bedste film, Bedste instruktion, Bedste originale manuskript og Bedste mandlige hovedrolle.
Dansk biografpremiere 03.03.2011
","https://info.kinorevuen.dk/wp-content/uploads/2021/02/kongensstoreta.jpg",69,101,50,5,"2023-01-30 04:06:47","2023-01-30 04:06:47"
1586,"Boogie Nights","boogie-nights","&#8216;Boogie Nights&#8217; følger en ung mand i 70&#8217;erne og 80&#8217;erne, som bliver en stor stjerne i den opblomstrende pornoindustri i Californien.
Medvirkende: Mark Wahlberg, Julianne Moore, Burt Reynolds.
Instruktør: Paul Thomas Anderson
Filmen var nomineret til tre Oscars for Bedste manuskript, mandlige og kvindelige birolle.
Dansk biografpremiere	05.06.1998
","https://info.kinorevuen.dk/wp-content/uploads/2021/02/boogie-nights-pl.jpg",62,85,100,2,"2023-01-30 04:06:47","2023-01-30 04:06:47"
1589,"Toy Story 3  (Teaser 1)","toy-story-3-teaser-1","Filmen modtog to Oscars for Bedste animationsfilm og Bedste originale sang.
Dansk biografpremiere 26.08.2010
","https://info.kinorevuen.dk/wp-content/uploads/2021/02/toy-story3-teaser.jpg",62,85,70,5,"2023-01-30 04:06:47","2023-01-30 04:06:47"
1592,"Toy Story 3  (Teaser 2)","toy-story-3-teaser-2","Filmen modtog to Oscars for Bedste animationsfilm og Bedste originale sang.
Dansk biografpremiere 26.08.2010
","https://info.kinorevuen.dk/wp-content/uploads/2021/02/toy-story-3-teaser-2.jpg",62,85,70,5,"2023-01-30 04:06:47","2023-01-30 04:06:47"
1594,"Den Fantastiske Rejse - Væk i San Francisco","den-fantastiske-rejse-vaek-i-san-francisco","Dansk biografpremiere 04.10.1996
","https://info.kinorevuen.dk/wp-content/uploads/2021/02/den-fantas-plakat.jpg",62,85,40,4,"2023-01-30 04:06:47","2023-01-30 04:06:47"
1596,"Star Trek: First Contact","star-trek-first-contact","&#8216;Star Trek: First Contact&#8217; er den ottende film i science fiction-serien.
Dansk biografpremiere 1996
","https://info.kinorevuen.dk/wp-content/uploads/2021/02/star-trek-first-cont.jpg",62,85,100,1,"2023-01-30 04:06:47","2023-01-30 04:06:47"
1599,"The Dark Knight","the-dark-knight","&#8216;The Dark Knight&#8217; er instrueret af Christopher Nolan, som også instruerede efterfølgeren The Dark Knight Rises.
Dansk biografpremiere 22.07.2008
","https://info.kinorevuen.dk/wp-content/uploads/2021/02/dark-knight-pl.jpg",62,85,100,0,"2023-01-30 04:06:47","2023-01-30 04:06:47"
1600,"Han kom, Han så, Han skød","han-kom-han-saa-han-skoed","Amerikansk-mexicansk western fra 1970, som er instrueret af Don Siegel. Filmen har Shirley MacLaine og Clint Eastwood i hovedrollerne.
Ennio Morricone komponerede musikken til filmen.
Dansk biografpremiere 17.04.1970
Plakaten har buk/folder samt små huller i hjørner fra nåle.
","https://info.kinorevuen.dk/wp-content/uploads/2021/02/han-kom-han-sa.jpeg",62,85,600,0,"2023-01-30 04:06:47","2023-01-30 04:06:47"
1603,"Dirty Harry","dirty-harry","&#8220;Dirty Harry&#8221; er den første af i alt fem film om den egenrådige politimand, inkarneret af Eastwood i hans måske mest karrieredefinerende rolle gennem tiden. En klassiker! Clint Eastwood i rollen som politimanden ”Dirty” Harry Callahan – hans mest karrieredefinerende rolle gennem tiden.
Dansk biografpremiere	07.04.1972
Plakaten har buk/folder samt små huller i hjørner fra nåle.
","https://info.kinorevuen.dk/wp-content/uploads/2021/02/dirty-harry-plk.jpeg",62,85,800,1,"2023-01-30 04:06:47","2023-01-30 04:06:47"
1605,"En Lille Film om Kunsten at Dræbe","en-lille-film-om-kunsten-at-draebe","&#8216;En lille film om kunsten at dræbe&#8217;, Kieslowskis internationale gennembrud, der vandt Juryens Grand Prix i Cannes.
Dansk biografpremiere 17.02.1989
Plakaten har buk/folder samt små huller i hjørner fra nåle.
","https://info.kinorevuen.dk/wp-content/uploads/2021/02/kunsten-at-dr-plk.jpg",62,85,70,1,"2023-01-30 04:06:47","2023-01-30 04:06:47"
1610,"Species II","species-ii","Et farligt eksperiment skaber en ny trussel, mens forskere forsøger at forhindre væsnerne i at overtage jorden.","https://info.kinorevuen.dk/wp-content/uploads/2021/02/species-2.jpg",62,85,70,2,"2023-01-30 04:06:47","2023-01-30 04:06:47"
1612,"Life of Brian","life-of-brian","&#8216;Life of Brian&#8217; er en af Monty Pythons mest kendte film.
Dansk biografpremiere 11.11.1979
Plakaten har buk/folder.
","https://info.kinorevuen.dk/wp-content/uploads/2021/02/life-of-brian-p.jpg",62,85,300,1,"2023-01-30 04:06:47","2023-01-30 04:06:47"
1616,"Django Vent ikke - Skyd!","django-vent-ikke-skyd","Dansk biografpremiere 1967
Plakaten har buk/folder samt små huller i hjørner fra nåle.
","https://info.kinorevuen.dk/wp-content/uploads/2021/02/django-vent-ikke-skyd.jpg",62,85,150,0,"2023-01-30 04:06:47","2023-01-30 04:06:47"
1618,"Conan den Uovervindelige","conan-den-uovervindelige","Amerikansk episk sværd og troldmandsfilm fra 1984 instrueret af Richard Fleischer.
Medvirkende: Arnold Schwarzenegger, Grace Jones, Sven-Ole Thorsen.
Dansk biografpremiere 28.09.1984
Plakaten har buk/folder samt små huller i hjørner fra nåle.
","https://info.kinorevuen.dk/wp-content/uploads/2021/02/conan-den-u-plk.jpeg",62,85,250,0,"2023-01-30 04:06:47","2023-01-30 04:06:47"
1620,"Car Wash","car-wash","Car Wash er en amerikansk komediefilm fra 1976.  Filmen var instrueret af Michael Schultz fra et manus af Joel Schumacher.
Dansk biografpremiere 1977
Plakaten har buk/folder samt små huller i hjørner fra nåle.
","https://info.kinorevuen.dk/wp-content/uploads/2021/02/car-wash-pl.jpg",62,85,100,1,"2023-01-30 04:06:47","2023-01-30 04:06:47"
1624,"Høj Puls","hoej-puls","Kultfilmen ´Høj puls´ er en klaustrofobisk thriller i samme tradition som ‘Kvinden uden samvittighed’ med William Hurt og Kathleen Turner i de bærende roller.
Dansk biografpremiere 1982
Plakaten har buk/folder samt små huller i hjørner fra nåle.
","https://info.kinorevuen.dk/wp-content/uploads/2021/02/hoj-puls-plk.jpg",62,85,150,1,"2023-01-30 04:06:47","2023-01-30 04:06:47"
1629,"Øjeblikket","oejeblikket","Efter sin store publikumssucces med filmatiseringen af &#8220;Vinterbørn&#8221; (1978) ville Astrid Henning-Jensen igen behandle et væsentligt og alvorligt emne i en form, der henvendte sig til et bredt publikum. Hun skrev selv historien om den kræftsyge kvinde.
Medvirkende: Ann-Mari Max Hansen, Søren Spanning.
Instruktør: Astrid Henning-Jensen
Dansk biografpremiere 06.10.1980
Plakaten har buk/folder
","https://info.kinorevuen.dk/wp-content/uploads/2021/02/plakat-ojeblikket.jpg",62,85,70,1,"2023-01-30 04:06:47","2023-01-30 04:06:47"
1633,"Venner for Altid","venner-for-altid","Stefan Henszelman debuterede som spillefilminstruktør med &#8220;Venner for altid&#8221;. Filmen var imidlertid en udbygning af hans meget roste novellefilm fra 1985, &#8220;Venner forever&#8221;. 
Dansk biografpremiere 06.02.1987
Plakaten har buk/folder
","https://info.kinorevuen.dk/wp-content/uploads/2021/02/venner-for-plk.png",62,85,70,1,"2023-01-30 04:06:47","2023-01-30 04:06:47"
1636,"Klodernes Kamp","klodernes-kamp","H.G. Wells gyserroman om en invasioin fra Mars på jorden bliver endnu mere skræmmende i denne science Fiction klassiker fra 1952, der af mange betragtes som en af de største Science Fiction-film nogensinde.
Dansk biografpremiere 07.04.1954
Plakaten har buk/folder samt små huller i hjørner fra nåle.
","https://info.kinorevuen.dk/wp-content/uploads/2021/02/klodernes-kamp-org-plakat.jpg",62,85,1400,0,"2023-01-30 04:06:47","2023-01-30 04:06:47"
1639,"Dirty Harry Går Amok","dirty-harry-gaar-amok","&#8220;Dirty Harry går amok&#8221; er en amerikansk actionfilm fra 1973. Det er den anden film i Dirty Harry-serien med Clint Eastwood i hovedrollen som politimanden Harry Callahan. 
Dansk biografpremiere 11.03.1974
Plakaten har buk/folder samt små huller i hjørner fra nåle.
","https://info.kinorevuen.dk/wp-content/uploads/2021/02/dirty-h-g-a-plk-pdf.jpg",62,85,1000,-1,"2023-01-30 04:06:47","2023-01-30 04:06:47"
1641,"Dirty Harry Renser Ud","dirty-harry-renser-ud","Dirty Harry renser ud er en amerikansk actionfilm fra 1976. Det er den tredje film i Dirty Harry-serien. Den er instrueret af James Fargo.
Dansk biografpremiere 11.02.1977
Plakaten har buk/folder samt små huller i hjørner fra nåle.
","https://info.kinorevuen.dk/wp-content/uploads/2021/02/dirty-h-renser-ud-plk-pdf.jpg",62,85,600,0,"2023-01-30 04:06:47","2023-01-30 04:06:47"
1643,"Paranormal Activity 3","paranormal-activity-3","&#8216;Paranormal Activity 3&#8217; følger i sporet på to mildest talt indbringende dokumentarlignende, overnaturlige rædselsfilm.
Dansk biografpremiere 20.10.2011
","https://info.kinorevuen.dk/wp-content/uploads/2021/02/pa3pla.jpg",69,101,50,4,"2023-01-30 04:06:47","2023-01-30 04:06:47"
1645,"Ronal Barbaren","ronal-barbaren","&#8216;Ronal Barbaren&#8217; er produceret af holdet bag Terkel i knibe og Rejsen til Saturn.
Dansk biografpremiere 29.09.2011
","https://info.kinorevuen.dk/wp-content/uploads/2021/02/ronalbarbarennyplak.jpg",69,101,50,1,"2023-01-30 04:06:47","2023-01-30 04:06:47"
1647,"Drive","drive","Actionthriller af Nicolas Winding Refn, der tidligere har bragt os Pusher-trilogien, Bleeder, Bronson og Valhalla Rising.
Dansk biografpremiere 15.09.2011
","https://info.kinorevuen.dk/wp-content/uploads/2021/02/driveplakat.jpg",69,101,100,1,"2023-01-30 04:06:47","2023-01-30 04:06:47"
1649,"Fremad","fremad","Dansk biografpremiere 05.03.2020
","https://info.kinorevuen.dk/wp-content/uploads/2021/02/fremadpla.jpg",69,101,70,4,"2023-01-30 04:06:47","2023-01-30 04:06:47"
1651,"My Week with Marilyn","my-week-with-marilyn","&#8216;My Week with Marilyn&#8217; er baseret på erindringsbogen af samme navn, der bygger på virkelige hændelser.
Dansk biografpremiere 26.01.2012
","https://info.kinorevuen.dk/wp-content/uploads/2021/02/myweekwithmarilynplaka.jpg",69,101,70,2,"2023-01-30 04:06:47","2023-01-30 04:06:47"
1653,"Narnia: Morgenvandrerens Rejse","narnia-morgenvandrerens-rejse","&#8216;Narnia: Morgenvandrerens rejse&#8217; er det tredje eventyr i serien.
Dansk biografpremiere 25.12.2010
","https://info.kinorevuen.dk/wp-content/uploads/2021/02/narnia-plak.jpg",69,101,100,2,"2023-01-30 04:06:47","2023-01-30 04:06:47"
1660,"The Next Three Days","the-next-three-days","&#8216;The Next Three Days&#8217; er en genindspilning af den franske thriller Alt for hende.
Dansk biografpremiere 13.01.2011
","https://info.kinorevuen.dk/wp-content/uploads/2021/02/plakatthenextthreedays.jpg",69,101,70,6,"2023-01-30 04:06:47","2023-01-30 04:06:47"
1663,"Undskyld jeg Forstyrrer","undskyld-jeg-forstyrrer","&#8216;Undskyld jeg forstyrrer&#8217; er en beretning om at finde sin egen plads i verden, skabt af makkerparret bag den succesfulde &#8216;Frygtelig Lykkelig&#8217; &#8211; instruktøren Henrik Ruben Genz og forfatteren Erling Jepsen.
Dansk biografpremiere 05.01.2012
","https://info.kinorevuen.dk/wp-content/uploads/2021/02/undskyldp.jpg",69,101,50,5,"2023-01-30 04:06:47","2023-01-30 04:06:47"
1665,"The Grey","the-grey","Dansk biografpremiere 15.03.2012
","https://info.kinorevuen.dk/wp-content/uploads/2021/02/thegraypl.jpg",69,101,50,5,"2023-01-30 04:06:47","2023-01-30 04:06:47"
1666,"En Kongelig Affære","en-kongelig-affaere","&#8216;En kongelig affære&#8217; er et romantisk periodedrama om en dramatisk del af Danmarkshistorien.
Filmen blev nomineret til en Oscar for Bedste udenlandske film.
Dansk biografpremiere	29.03.2012
","https://info.kinorevuen.dk/wp-content/uploads/2021/02/en-kongelig-affaereplk.jpg",69,101,70,2,"2023-01-30 04:06:47","2023-01-30 04:06:47"
1669,"Safe House","safe-house","&#8216;Safe House&#8217; er den svenske instruktør Daniel Espinosas (Snabba Cash) Hollywood-debut.
Dansk biografpremiere 16.02.2012
","https://info.kinorevuen.dk/wp-content/uploads/2021/02/safehousepl.jpg",69,101,50,5,"2023-01-30 04:06:47","2023-01-30 04:06:47"
1671,"Young Adult","young-adult","&#8216;Young Adult&#8217; har Oscar-vinderen Charlize Theron som afdanket prom-queen, og ekskæresten spilles af Patrick Wilson. 
Dansk biografpremiere 16.02.2012
","https://info.kinorevuen.dk/wp-content/uploads/2021/02/youngadultpl.jpg",69,101,50,3,"2023-01-30 04:06:47","2023-01-30 04:06:47"
1673,"The Fighter","the-fighter","Bokse-drama med Christian Bale og Mark Wahlberg.
’The Fighter’ modtog Oscars for Bedste mandlige birolle (Christian Bale) og Bedste kvindelige birolle (Melissa Leo). Den var nomineret til 7 Oscars, inklusiv Bedste film, Bedste instruktør og Bedste originale manuskript.
Dansk biografpremiere 10.02.2011
","https://info.kinorevuen.dk/wp-content/uploads/2021/02/fighterpl.jpg",69,101,50,5,"2023-01-30 04:06:47","2023-01-30 04:06:47"
1678,"Maos Sidste Danser","maos-sidste-danser","I det australske drama &#8216;Maos sidste danser&#8217; er Li Cunxin vokset op i en fattig kinesisk provins og blev som 11-årig håndplukket af en delegation udsendt af Madame Mao for at fremme kulturen i Kina.
Filmen er instrueret at Bruce Beresford (&#8216;Driving Miss Daisy&#8217;), baseret på den virkelige Li Cunxins selvbiografi.
Dansk biografpremiere 28.04.2011
","https://info.kinorevuen.dk/wp-content/uploads/2021/02/plakatma.jpg",69,101,70,2,"2023-01-30 04:06:47","2023-01-30 04:06:47"
1680,"Water for Elephants","water-for-elephants","&#8216;Water for Elephants&#8217; er baseret på Sara Gruens bestseller.
Dansk biografpremiere 05.05.2011
","https://info.kinorevuen.dk/wp-content/uploads/2021/02/waterfore.jpg",69,101,50,3,"2023-01-30 04:06:47","2023-01-30 04:06:47"
1682,"Kamæleonen","kamaeleonen","&#8216;Kamæleonen&#8217; er instrueret og skrevet af George Clooney
Dansk biografpremiere 15.03.2012
","https://info.kinorevuen.dk/wp-content/uploads/2021/02/kaemali-plk.jpg",69,101,70,1,"2023-01-30 04:06:47","2023-01-30 04:06:47"
1684,"Journey to the Mysterious Island","journey-to-the-mysterious-island","Dansk biografpremiere 03.05.2012
","https://info.kinorevuen.dk/wp-content/uploads/2021/02/journey2pl.jpg",69,101,50,6,"2023-01-30 04:06:47","2023-01-30 04:06:47"
1688,"Chronicle","chronicle","&#8216;Chronicle&#8217; er instrueret af debutanten Josh Trank, som har taget den klassiske superheltefilm i en ny realistisk retning ved at fortælle historien som found footage i stil med ’Cloverfield’ og ’The Blair Witch Project’.
Dansk biografpremiere 19.04.2012
","https://info.kinorevuen.dk/wp-content/uploads/2021/02/chroniclepl.jpg",69,101,50,6,"2023-01-30 04:06:47","2023-01-30 04:06:47"
1691,"Hvad med Kevin?","hvad-med-kevin","&#8216;Hvad med Kevin?&#8217; er baseret på Lionel Shrivers roman og har Tilda Swinton (Oscarvinder for sin rolle i Michael Clayton) og John C. Reilly (Carnage) i rollerne som Kevins forældre.
Dansk biografpremiere 12.04.2012
","https://info.kinorevuen.dk/wp-content/uploads/2021/02/hvadmedkevinpla.jpg",69,101,50,3,"2023-01-30 04:06:47","2023-01-30 04:06:47"
1693,"Gummi T","gummi-t","&#8216;Gummi T&#8217; er en animeret familiefilm baseret på Ole Lund Kirkegaards &#8216;Gummi-Tarzan&#8217;.
Dansk biografpremiere 16.05.2012
","https://info.kinorevuen.dk/wp-content/uploads/2021/02/gummitpos.jpg",69,101,70,0,"2023-01-30 04:06:47","2023-01-30 04:06:47"
1695,"War Horse","1695","&#8216;War Horse&#8217; er et krigsdrama, baseret på Michael Morpurgos populære børnebog fra 1982.
Filmen er instrueret af Steven Spielberg.
Dansk biografpremiere 26.01.2012
","https://info.kinorevuen.dk/wp-content/uploads/2021/02/warhorsedkplak.jpg",69,101,70,5,"2023-01-30 04:06:47","2023-01-30 04:06:47"
1697,"The Maze Runner","the-maze-runner","’The Maze Runner’ er den første bog i James Dashners populære serie af science fiction-bøger.
Dansk biografpremiere 18.09.2014
","https://info.kinorevuen.dk/wp-content/uploads/2021/02/mazerunner.jpg",69,101,50,5,"2023-01-30 04:06:47","2023-01-30 04:06:47"
1699,"Kapgang","kapgang","Niels Arden Oplev er tilbage,  med en film som bygger på skuespiller og teaterchef Morten Kirkskovs selvbiografiske roman af samme navn.
Dansk biografpremiere 28.08.2014
","https://info.kinorevuen.dk/wp-content/uploads/2021/02/kapgangplak.jpg",69,101,50,5,"2023-01-30 04:06:47","2023-01-30 04:06:47"
1701,"Ung og Smuk","ung-og-smuk","Instruktøren François Ozon er med tiden blevet et af fransk films mest spændende navne med film som ’8 kvinder’ (2002) ’Swimming Pool’ (2003) og ’Selv i de bedste hjem’ (2012) bag sig. Kendetegnende for hans film er leg med genrerne, sarkastisk humor og stærke, sexede kvinder i fokus.
Dansk biografpremiere 10.07.2014
","https://info.kinorevuen.dk/wp-content/uploads/2021/02/ung-og-smuk-pl.gif",69,101,70,1,"2023-01-30 04:06:47","2023-01-30 04:06:47"
1704,"Godzilla","1704","Verdens mest kendte monster, Godzilla, fyldte 60 år i 2014, hvilket Warner Bros. valgte at markere med en ny ambitiøs film om det japanske giga-reptil, der tilmed aldrig har været større. I instruktørstolen sidder britiske Gareth Edwards, der imponerede med lavbudget-filmen ’Monsters’ (2010), og i rollerne som menneskelig modstand ses bl.a. Bryan Cranston (Breaking Bad) og Aaron Taylor-Johnson (Kick-Ass).
Dansk biografpremiere 15.05.2014
","https://info.kinorevuen.dk/wp-content/uploads/2021/02/godzilla-plk.jpg",69,101,70,1,"2023-01-30 04:06:47","2023-01-30 04:06:47"
1706,"Into the Storm","into-the-storm","Dansk biografpremiere 21.08.2014
","https://info.kinorevuen.dk/wp-content/uploads/2021/02/into-the-storm-pla.gif",69,101,70,1,"2023-01-30 04:06:47","2023-01-30 04:06:47"
1708,"Fasandræberne  (Teaser 1)","fasandraeberne-teaser-1","Nikolaj Lie Kaas og Fares Fares genforenes som den misantropiske Carl Mørck og den standhaftige Assad i endnu en mørk filmatisering af Jussi Adler-Olsens populære krimiunivers. 
Dansk biografpremiere 02.10.2014
","https://info.kinorevuen.dk/wp-content/uploads/2021/02/fasandraeb-plk.jpg",69,101,70,1,"2023-01-30 04:06:47","2023-01-30 04:06:47"
1710,"Love &amp; Other Drugs","love-other-drugs","Dansk biografpremiere 06.01.2011
","https://info.kinorevuen.dk/wp-content/uploads/2021/02/plakatloveandotherdru.jpg",69,101,30,4,"2023-01-30 04:06:47","2023-01-30 04:06:47"
1712,"The Nice Guys","the-nice-guys","&#8216;The Nice Guys&#8217; er en hyldest til bl.a. 1970ernes detektiv-serier i en klassisk film noir-ramme. Komedien er instrueret af manden bag Kiss Kiss Bang Bang, Shane Black, der også skrev Lethal Weapon-filmen.
Dansk biografpremiere  09.06.2016
","https://info.kinorevuen.dk/wp-content/uploads/2021/02/nice-guys-pl.jpg",69,101,70,3,"2023-01-30 04:06:47","2023-01-30 04:06:47"
1714,"Klassefesten 3: Dåben","klassefesten-3-daaben","&#8216;Klassefesten 3: Dåben&#8217; er ligesom sine to forgængere en komedie, der går til grænsen &#8211; og nogle gange lidt over.
Dansk biografpremiere 06.10.2016
","https://info.kinorevuen.dk/wp-content/uploads/2021/02/klassefesten3.jpg",69,101,50,3,"2023-01-30 04:06:47","2023-01-30 04:06:47"
1716,"Lyset og Havet","lyset-og-havet","Filmatiseringen af M.L. Stedmans roman.
Dansk biografpremiere 08.09.2016
","https://info.kinorevuen.dk/wp-content/uploads/2021/02/lyset-i-havet-dansk-plakat.jpg",69,101,50,8,"2023-01-30 04:06:47","2023-01-30 04:06:47"
1718,"Masterminds","masterminds","2015 &#8211; Filmen fik ikke Dansk premiere.
","https://info.kinorevuen.dk/wp-content/uploads/2021/02/masterminds-dk.jpg",69,101,30,6,"2023-01-30 04:06:47","2023-01-30 04:06:47"
1720,"The Magnificent Seven","the-magnificent-seven","&#8216;The Magnificent Seven&#8217; er en genindspilning af filmen fra 1960.
Dansk biografpremiere 22.09.2016
","https://info.kinorevuen.dk/wp-content/uploads/2021/02/magnificent-seven-pl.jpg",69,101,50,3,"2023-01-30 04:06:47","2023-01-30 04:06:47"
1722,"Jason Bourne","jason-bourne","Jason Bourne er instrueret af Paul Greengrass, der stod bag de to efterfølgende kapitler, The Bourne Supremacy og The Bourne Ultimatum. 
Dansk biografpremiere 28.07.2016
","https://info.kinorevuen.dk/wp-content/uploads/2021/02/jason-bourn.jpg",69,101,100,0,"2023-01-30 04:06:47","2023-01-30 04:06:47"
1727,"Familien Jul - I Nissernes Land","familien-jul-i-nissernes-land","Dansk biografpremiere 03.11.2016
","https://info.kinorevuen.dk/wp-content/uploads/2021/02/familienjul2-pl.jpg",70,101,40,6,"2023-01-30 04:06:47","2023-01-30 04:06:47"
1729,"Ben Hur","ben-hur","Den episke film er baseret på Lew Wallaces roman &#8216;Ben-Hur: A Tale of the Christ&#8217;, som allerede er blevet filmatiseret flere gange. Stumfilmsudgaven fra 1925 blev hyldet i sin samtid, men den mest kendte version er fra 1959. Med 11 Oscar-statuetter, en karismatisk Charlton Heston i titelrollen.
I den nye udgave har danske Pilou Asbæk, en rolle som den romerske præfekt, Pontius Pilatus.
Dansk biografpremiere 01.09.2016
","https://info.kinorevuen.dk/wp-content/uploads/2021/02/ben-hur-plak.jpg",69,101,50,5,"2023-01-30 04:06:47","2023-01-30 04:06:47"
1731,"Find Dory","find-dory","Dansk biografpremiere 25.08.2016
","https://info.kinorevuen.dk/wp-content/uploads/2021/02/find-dory-plak.jpg",69,101,100,2,"2023-01-30 04:06:47","2023-01-30 04:06:47"
1733,"Doctor Strange  (Teaser)","doctor-strange-teaser","&#8216;Doctor Strange&#8217; er baseret på Marvel Comics&#8217; tegneserie af samme navn.
Dansk biografpremiere 28.10.2016
","https://info.kinorevuen.dk/wp-content/uploads/2021/02/doctor-strange-plk-teaser.jpg",70,101,100,0,"2023-01-30 04:06:47","2023-01-30 04:06:47"
1735,"Hotel Transylvania 2","hotel-transylvania-2","Dansk biografpremiere 08.10.2015
","https://info.kinorevuen.dk/wp-content/uploads/2021/02/hotel-transylvania-2-pl.jpg",69,101,50,2,"2023-01-30 04:06:47","2023-01-30 04:06:47"
1737,"The Beatles: Eight Days a Week - The Touring Years","the-beatles-eight-days-a-week-the-touring-years","Musikdokumentaren &#8216;The Beatles: Eight Days A Week &#8211; The Touring Years&#8217; er baseret på de første år af Beatles&#8217; karriere.
Dansk biografpremiere 29.09.2016
","https://info.kinorevuen.dk/wp-content/uploads/2021/02/eight-days-a-week.jpg",69,101,100,1,"2023-01-30 04:06:47","2023-01-30 04:06:47"
1742,"The American","the-american","Dansk biografpremiere 14.10.2010
","https://info.kinorevuen.dk/wp-content/uploads/2021/02/the-american.jpg",69,101,70,1,"2023-01-30 04:06:47","2023-01-30 04:06:47"
1744,"Jeg, Daniel Blake","jeg-daniel-blake","”Jeg, Daniel Blake” vandt Den gyldne palme ved Cannes Film Festival i år og er instrueret af Ken Loach, som i sin over 40-årige filmkarriere har sat fokus på de udstødte på samfundets bund med film som blandt andre ”Riff Raff”, ”My Name is Joe” og ”The Angel’s Share”.
Dansk biografpremiere 22.12.2016
","https://info.kinorevuen.dk/wp-content/uploads/2021/02/jeg-daniel-blake-plakat.jpeg",69,101,30,4,"2023-01-30 04:06:47","2023-01-30 04:06:47"
1749,"Dyrene i Hakkebakkeskoven","dyrene-i-hakkebakkeskoven","&#8216;Dyrene i Hakkebakkeskoven&#8217; er en dukkefilm for de mindste.
Dansk biografpremiere 06.04.2017
","https://info.kinorevuen.dk/wp-content/uploads/2021/02/dyreneihakkebakkesk.jpg",69,101,50,3,"2023-01-30 04:06:47","2023-01-30 04:06:47"
1751,"Tron Legacy","tron-legacy","&#8216;TRON: Legacy&#8217; er fortsættelsen til science fiction-klassikeren &#8216;Tron&#8217; fra 1982.
Dansk biografpremiere 16.12.2010
","https://info.kinorevuen.dk/wp-content/uploads/2021/02/tron-l-plk.jpg",69,100,50,3,"2023-01-30 04:06:47","2023-01-30 04:06:47"
1752,"Wonder Woman","wonder-woman","Wonder Woman er DC Comics&#8217; største kvindelige superhelt, der debuterede i tegneserien All Star Comics fra 1941. 
Dansk biografpremiere  01.06.2017
","https://info.kinorevuen.dk/wp-content/uploads/2021/02/wonder-woman-plk.jpg",69,101,70,3,"2023-01-30 04:06:47","2023-01-30 04:06:47"
1756,"Alita: Battle Angel  (Teaser)","alita-battle-angel-teaser","&#8216;Alita: Battle Angel&#8217; er baseret på Yukito Kishiros mangaserie af samme navn.
Dansk biografpremiere 14.02.2019
","https://info.kinorevuen.dk/wp-content/uploads/2021/02/alita-teaser-1.jpg",69,101,100,2,"2023-01-30 04:06:47","2023-01-30 04:06:47"
1758,"Frost 2 (Teaser 1)","frost-2-teaser-1","Dansk biografpremiere 25.12.2019
","https://info.kinorevuen.dk/wp-content/uploads/2021/02/frost-2-teaser-2.jpg",69,101,150,2,"2023-01-30 04:06:47","2023-01-30 04:06:47"
1760,"Mission: Impossible - Ghost Protocol  (Teaser)","mission-impossible-ghost-protocol-teaser","Dansk biografpremiere 26.01.2012
","https://info.kinorevuen.dk/wp-content/uploads/2021/02/mission-i-trotoco-teaser.jpg",69,101,100,2,"2023-01-30 04:06:47","2023-01-30 04:06:47"
1768,"Charles Tante","charles-tante","Charles&#8217; tante er en dansk komediefilm fra 1959, med manuskript af Arvid Müller og instruktion af Poul Bang. Filmen er bl.a. blevet optaget på Lindholm ved Gevninge.
Medvirkende: Dirch Passer, Ebbe Langberg, Ove Sprogøe, Hans W. Petersen.
Dansk biografpremiere	12.10.1959
Plakaten har buk/folder samt små huller i hjørner fra nåle.
","https://info.kinorevuen.dk/wp-content/uploads/2021/02/charles-tante-plk.jpg",62,85,600,0,"2023-01-30 04:06:47","2023-01-30 04:06:47"
1770,"Man sku´være noget ved Musikken","man-skuvaere-noget-ved-musikken","Ved siden af &#8220;Sult&#8221; (1966) var &#8220;Man sku&#8217; være noget ved musikken&#8221; Henning Carlsens største succes. Anmelderne var fulde af lovord om filmens poesi og charme, dens varme menneskelighed og dens perfekte miljø-tegning. 
Medvirkende: Karl Stegger, Birgitte Price, Otto Brandenburg, Jesper Langberg
Dansk biografpremiere	13.09.1972
Plakaten har buk/folder samt små huller i hjørner fra nåle.
","https://info.kinorevuen.dk/wp-content/uploads/2021/02/man-sku-vaere-pla.jpg",62,85,300,1,"2023-01-30 04:06:47","2023-01-30 04:06:47"
1776,"Piger i Trøjen","piger-i-troejen","Med &#8220;Piger i trøjen&#8221; ville Merry Film starte en ny serie, der genremæssigt lå i forlængelse af Soldaterkammerater-serien (1958-1968). Da den danske hær nu havde indført kvindelige konstabler, kunne man koncentrere løjerne om disses tilstedeværelse sammen med det mandlige personel. Filmen blev efterfulgt af &#8220;Piger i trøjen 2&#8221; (1976) og &#8220;Piger til søs&#8221; (1977).
Medvirkende: Dirch Passer, Kirsten Walther,  Birte Tove, Karl Stegger, Helle Merete Sørensen, Ulla Jessen,
Dansk biografpremiere	20.08.1975
Plakaten har buk/folder samt små huller i hjørner fra nåle.
","https://info.kinorevuen.dk/wp-content/uploads/2021/02/piger-i-troejen-plk.png",62,85,300,0,"2023-01-30 04:06:47","2023-01-30 04:06:47"
1778,"Piger i Trøjen 2","piger-i-troejen-2","Fortsættelse af &#8220;Piger i trøjen&#8221; (1975). Filmen har ny hovedperson, men andre personer fra den første film går igen. Serien blev året efter afrundet med &#8220;Piger til søs&#8221;.
Medvirkende: Dirch Passer, Berrit Kvorning, Klaus Pagh, Karl Stegger, Lille Palle (Andersen), Ulla Jessen,
Dansk biografpremiere 11.10.1976
Plakaten har buk/folder samt små huller i hjørner fra nåle.
","https://info.kinorevuen.dk/wp-content/uploads/2021/02/piger-i-troejen-2.png",62,85,250,0,"2023-01-30 04:06:47","2023-01-30 04:06:47"
1780,"Piger til Søs","piger-til-soes","&#8220;Piger til søs&#8221; er for en stor del indspillet ombord på minelæggeren &#8220;Falster&#8221;.
Medvirkende: Dirch Passer, Helle Merete Sørensen, Ole Søltoft, Karl Stegger, Lille Palle (Andersen), Ulla Jessen, Per Pallesen.
Dansk biografpremiere 16.09.1977
Plakaten har buk/folder samt små huller i hjørner fra nåle.
","https://info.kinorevuen.dk/wp-content/uploads/2021/02/piger-til-soes.png",62,85,350,0,"2023-01-30 04:06:47","2023-01-30 04:06:47"
1782,"Pigen og Greven","pigen-og-greven","Pigen og greven er en dansk komediefilm fra 1966 instrueret af Finn Henriksen, der også har skrevet manuskriptet i samarbejde med Carl Ottosen.
Medvirkende: Dirch Passer, Josephine Passer, Lene Tiemroth, Peter Steen
Dansk biografpremiere 25.11.1966
Plakaten har buk/folder.
","https://info.kinorevuen.dk/wp-content/uploads/2021/02/pigen-og-greven.png",62,85,500,0,"2023-01-30 04:06:47","2023-01-30 04:06:47"
1784,"Pigen og Drømmeslottet","pigen-og-droemmeslottet","Lisbet Dahl debuterer hér som jordbunden, rødhåret storbypige, der forføres af både slot og slotsejer, da hun besøger sin tante på landet.
Medvirkende: Lisbet Dahl, Lars Høy, Paul Hagen, Karl Stegger.
Dansk biografpremiere 20.09.1974
Plakaten har buk/folder samt små huller i hjørner fra nåle.
","https://info.kinorevuen.dk/wp-content/uploads/2021/02/pigen-og-droemmeslottet.png",62,85,175,1,"2023-01-30 04:06:47","2023-01-30 04:06:47"
1790,"Præsident Kandidaten","praesident-kandidaten","Amerikansk komediedrama fra 1998 instrueret af Mike Nichols. Manuskriptet af Elaine May.
Medvirkende: John Travolta, Emma Thompson, Billy Bob Thornton, Kathy Bates.
Dansk biografpremiere 04.09.1998
","https://info.kinorevuen.dk/wp-content/uploads/2021/02/praesident-kand-plk.png",62,85,70,3,"2023-01-30 04:06:47","2023-01-30 04:06:47"
1793,"The Hours","the-hours","The Hours er en amerikansk film fra 2002 baseret på Michael Cunninghams roman af samme navn, og instrueret af Stephen Daldry. 
Medvirkende: Meryl Streep, Julianne Moore, Nicole Kidman.
Dansk biografpremiere  28.02.2003
","https://info.kinorevuen.dk/wp-content/uploads/2021/02/the-hours-plk.jpeg",62,85,70,2,"2023-01-30 04:06:47","2023-01-30 04:06:47"
1797,"Nonnebørn","nonneboern","Dansk film fra 1997. Manuskript og instruktion Cæcilia Holbek Trier.
Medvirkende: Amalie Dollerup, Kirsten Rolffes, Bodil Jørgensen, Lisbet Dahl
Dansk biografpremiere 14.11.1997
","https://info.kinorevuen.dk/wp-content/uploads/2021/02/plk-nonneboern.png",62,85,70,1,"2023-01-30 04:06:47","2023-01-30 04:06:47"
1799,"Sekten","sekten","Dansk film fra 1997, instrueret af Susanne Bier efter manuskript af Jacob Grønlykke, Peter Asmussen og Susanne Bier.
Medvirkende: Sofie Gråbøl, Ellen Hillingsø, Sverre Anker Ousdal, Stina Ekblad
Dansk biografpremiere 12.09.1997
Plakaten har buk/folder samt små huller i hjørner fra nåle.
","https://info.kinorevuen.dk/wp-content/uploads/2021/02/plk-sekten.png",62,85,125,1,"2023-01-30 04:06:47","2023-01-30 04:06:47"
1804,"Den Attende","den-attende","Den attende er en dansk film fra 1996, skrevet og instrueret af Anders Rønnow Klarlund.
Medvirkende: Sanne Graulund, Rasmus Botoft, Niels Anders Thorn.
Dansk biografpremiere  24.05.1996
","https://info.kinorevuen.dk/wp-content/uploads/2021/02/den-attende-plakat.png",62,85,50,1,"2023-01-30 04:06:47","2023-01-30 04:06:47"
1808,"Her i Nærheden","her-i-naerheden","Her i nærheden er en dansk film fra 2000, skrevet og instrueret af Kaspar Rostrup efter en roman af Martha Christensen.
Medvirkende: Ghita Nørby, Thure Lindhardt, Frits Helmuth, Henning Moritzen.
Dansk biografpremiere	21.01.2000
","https://info.kinorevuen.dk/wp-content/uploads/2021/02/her-i-naerheden-plk.jpg",62,85,70,1,"2023-01-30 04:06:47","2023-01-30 04:06:47"
1812,"Krummerne 2 - Stakkels Krumme","krummerne-2","Nr. to i familie-lystspilserien om familien Krumborg.
Medvirkende Laus Høybye, Dick Kaysø, Karen-Lise Mynster, Line Kruse.
Dansk biografpremiere: 04.12.1992
Plakaten har buk/folder.
","https://info.kinorevuen.dk/wp-content/uploads/2021/02/krum-2.png",62,85,50,1,"2023-01-30 04:06:47","2023-01-30 04:06:47"
1815,"Snøvsen tar Springet","snoevsen-tar-springet","Den første film med Snøvsen var så stor en succes, at der måtte komme en toer. Efterfølgeren har manuskript af Benny Andersen og Jørgen Vestergaard.
Medvirkende Bjarke Smitt Vestermark, Jannie Faurschou, Søren Sætter-Lassen, Sara Scharling Vestergaard.
Instruktør Jørgen Vestergaard
Dansk biografpremiere 07.10.1994
","https://info.kinorevuen.dk/wp-content/uploads/2021/02/snoevsen-tar-springet-pl.png",62,85,50,0,"2023-01-30 04:06:47","2023-01-30 04:06:47"
1828,"Idioterne","idioterne","Idioterne er en dansk dogmefilm fra 1998, skrevet og instrueret af Lars von Trier og produceret af Peter Aalbæk Jensen og Vibeke Windeløv, Zentropa.
Idioterne er den anden film i dogme95-projektet, og kaldes derfor også Dogme #2. 
Medvirkende: Bodil Jørgensen, Nikolaj Lie Kaas, Jens Albinus, Anne Louise Hassing, Troels Lyby, Erik Wedersøe, Paprika Steen.
Dansk biografpremiere 17.07.1998
","https://info.kinorevuen.dk/wp-content/uploads/2021/02/idioterne-plk.jpg",62,85,70,0,"2023-01-30 04:06:47","2023-01-30 04:06:47"
1831,"Idioterne","idioterne-2","Idioterne er en dansk dogmefilm fra 1998, skrevet og instrueret af Lars von Trier og produceret af Peter Aalbæk Jensen og Vibeke Windeløv, Zentropa.
Idioterne er den anden film i dogme95-projektet, og kaldes derfor også Dogme #2. 
Medvirkende: Bodil Jørgensen, Nikolaj Lie Kaas, Jens Albinus, Anne Louise Hassing, Troels Lyby, Erik Wedersøe, Paprika Steen.
Dansk biografpremiere 17.07.1998
","https://info.kinorevuen.dk/wp-content/uploads/2021/02/idioterter-presse-pl.jpg",62,85,40,0,"2023-01-30 04:06:47","2023-01-30 04:06:47"
1835,"Dancer in the Dark","dancer-in-the-dark","Dancer in the Dark er en dansk-svensk-fransk film fra 2000, skrevet og instrueret af Lars von Trier. 
Medvirkende: Björk Guðmundsdóttir, Catherine Deneuve, David Morse, Peter Stormare.
Dansk biografpremiere 08.09.2000
Plakaten har buk/folder samt små huller i hjørner fra nåle.
","https://info.kinorevuen.dk/wp-content/uploads/2021/02/dancer-in-the-dark-2-plk.png",62,85,70,0,"2023-01-30 04:06:47","2023-01-30 04:06:47"
1837,"Den Blå Munk","den-blaa-munk","Den blå munk er en dansk film fra 1998. Den foregår på et værtshus, hvor der spilles jazz. Vi møder flere skæbner, der drukner deres sorger i alkohol og drømmer om stedets smukke unge barpige. Manuskript og instruktion Christian Braad Thomsen.
Medvirkende: Therese Glahn, Helle Ryslinge, Ole Meyer, Bent Conradi, Claus Nissen, Martin Brygmann, Henning Jensen.
Dansk biografpremiere	18.09.1998
","https://info.kinorevuen.dk/wp-content/uploads/2021/02/den-blaa-munk-plk.png",62,85,50,0,"2023-01-30 04:06:47","2023-01-30 04:06:47"
1839,"Armadillo","armadillo","Armadillo er en dansk dokumentar fra 2010 af Janus Metz Pedersen.
Filmen vandt en publikumspris ved Filmfestivalen i Cannes 2010 og modtog i 2011 en Robert for årets lange dokumentarfilm.
Dansk biografpremiere  27.05.2010
","https://info.kinorevuen.dk/wp-content/uploads/2021/02/armadillo-plk.png",62,85,50,1,"2023-01-30 04:06:47","2023-01-30 04:06:47"
1841,"Simon og Malou","simon-og-malou","Dansk filmkomedie fra 2009 skrevet af Lars Mering og instrueret af Theis Mølstrøm Christensen. Den har Dejan Cukic og svenske Tuva Novotny i hovedrollerne.
Dansk biografpremiere 30.10.2009
","https://info.kinorevuen.dk/wp-content/uploads/2021/02/simon-om-pl.png",62,85,50,1,"2023-01-30 04:06:47","2023-01-30 04:06:47"
1844,"Superbror","superbror","Instrueret af Birger Larsen efter manuskript af Åke Sandgren.
Medvirkende: Anette Støvelbæk, Andrea Reimar, Michael Moritzen, Ebbe Trenskow.
Dansk biografpremiere 18.12.2009
","https://info.kinorevuen.dk/wp-content/uploads/2021/02/superb.png",62,85,50,1,"2023-01-30 04:06:47","2023-01-30 04:06:47"
1846,"Det Store Flip","det-store-flip","Dansk komediefilm fra 1997, skrevet af Per Daumiller og filmens instruktør Niels Gråbøl.
Medvirkende: Sixten Tobias Kai Nielsen, Ditte Gråbøl, Niels Olsen, Søren Sætter-Lassen.
Dansk biografpremiere 02.05.1997
Plakaten har  små huller i hjørner fra nåle.
","https://info.kinorevuen.dk/wp-content/uploads/2021/02/det-store-flip-plk.png",62,85,100,1,"2023-01-30 04:06:47","2023-01-30 04:06:47"
1850,"Ondt Blod","ondt-blod","Dansk film fra 1996. Manuskript og instruktion Carsten Fromberg. 
Medvirkende: Jens Okking Thomas Bo Larsen Anders Nyborg Dejan Cukic Bjarne Henriksen Henrik Jandorf Pauline Rehné Lars Lunøe.
Dansk biografpremiere	29.03.1996
Plakaten har buk/folder samt små huller i hjørner fra nåle.
","https://info.kinorevuen.dk/wp-content/uploads/2021/02/img-0953.jpg",62,85,70,1,"2023-01-30 04:06:47","2023-01-30 04:06:47"
1852,"Sunes Familie","sunes-familie","Dansk film instrueret af Hans Kristensen.
Medvirkende	Claus Bue, Vibeke Hastrup, Per Damgaard Hansen, Sofie Lassen-Kahlke.
Dansk biografpremiere 10.10.1997
Plakaten har buk/folder samt taperester og små huller i hjørner fra nåle.
","https://info.kinorevuen.dk/wp-content/uploads/2021/02/img-0959.jpg",62,85,40,0,"2023-01-30 04:06:47","2023-01-30 04:06:47"
1853,"Bella min Bella","bella-min-bella","Dansk film fra 1996, skrevet og instrueret af Astrid Henning-Jensen.
Medvirkende: Mette Maria Ahrenkiel, Lone Hertz, Lars Bom, Dejan Cukic.
Dansk biografpremiere  23.02.1996
Plakaten har  taperester og små huller i hjørner fra nåle.
","https://info.kinorevuen.dk/wp-content/uploads/2021/02/bella-plk.png",62,85,60,1,"2023-01-30 04:06:47","2023-01-30 04:06:47"
1855,"Let's Get Lost","lets-get-lost","Dansk film fra 1997, skrevet og instrueret af Jonas Elmer. Filmen er produceret af Per Holst Film og er optaget i sort-hvid. Filmen fik Bodilprisen for bedste danske film, og Sidse Babett Knudsen fik Bodilprisen for bedste kvindelige hovedrolle.
Medvirkende: Sidse Babett Knudsen, Bjarne Henriksen, Nicolaj Kopernikus, Troels Lyby.
Dansk biografpremiere 19.09.1997
Plakaten har små huller i hjørner fra nåle.
","https://info.kinorevuen.dk/wp-content/uploads/2021/02/lets-get-lost-plak.jpg",62,85,70,0,"2023-01-30 04:06:47","2023-01-30 04:06:47"
1857,"Skat, det er din tur","skat-det-er-din-tur","Dansk spillefilm fra 1997, skrevet og instrueret af Mette Knudsen.
Medvirkende: Søren Hauch-Fausbøll, Søs Egelind, Amanda Norsker, Torben Zeller. Birthe Neumann.
Dansk biografpremiere  22.08.1997
Plakaten har buk/folder.
","https://info.kinorevuen.dk/wp-content/uploads/2021/02/skat-plk-rotated.jpeg",62,85,50,1,"2023-01-30 04:06:47","2023-01-30 04:06:47"
1858,"Skagerrak","skagerrak","Dansk spillefilm fra 2003. Filmen er instrueret af Søren Kragh-Jacobsen, der også har skrevet manuskriptet sammen med Anders Thomas Jensen. 
Medvirkende: Iben Hjejle, Bronagh Gallagher, Martin Henderson, Ewen Bremner.
Dansk biografpremiere  14.03.2003
","https://info.kinorevuen.dk/wp-content/uploads/2021/02/skagerrak-plakat.png",62,85,70,1,"2023-01-30 04:06:47","2023-01-30 04:06:47"
1860,"Falkehjerte","falkehjerte","Falkehjerte er en film fra 1999 instrueret af Lars Hesselholdt efter manuskript af Pascal Lonhay og Lars Hesselholdt.
Medvirkende: Fanny Bernth, Aksel Leth, Sebastian Jessen, Kristian Emdal.
Dansk biografpremiere 08.10.1999
","https://info.kinorevuen.dk/wp-content/uploads/2021/02/falkehjrte-plk-rotated.jpeg",62,85,50,1,"2023-01-30 04:06:47","2023-01-30 04:06:47"
1861,"Ørnens Øje","oernens-oeje","Eventyrfilm om venskabet mellem kongesønnen Valdemar og køkkendrengen Aske, der sammen kastes ud i farefulde situationer, da de opdager, at en gruppe stormænd har i sinde at forstøde Valdemars far fra tronen.
Filmen er instrueret af Peter Flinth. Manuskriptet er skrevet af Nikolaj Scherfig efter en historie af Bjarne O. Henriksen.
Medvirkende: Nijas Ørnbak-Fjeldmose, Lasse Baunkilde, Maj Bockhahn Bjerregaard, Lars Lohmann.
Dansk biografpremiere 21.03.1997
","https://info.kinorevuen.dk/wp-content/uploads/2021/02/plak-oernens-oeje.png",62,85,50,1,"2023-01-30 04:06:47","2023-01-30 04:06:47"
1863,"Når mor kommer hjem","naar-mor-kommer-hjem","Dansk børnefilm fra 1998, instrueret af Lone Scherfig.
Manuskriptet er skrevet af Jørgen Kastrup efter Martha Christensens roman af samme navn fra 1995.
Medvirkende: Birthe Neumann, Lars Kaalund, Anne Clausen, Kasper Emanuel Stæger, Clara Johanne Lembek Simonsen, Pernille Kaae Høier.
Dansk biografpremiere	06.02.1998
","https://info.kinorevuen.dk/wp-content/uploads/2021/02/nar-m-k-h-rotated.jpeg",62,85,50,4,"2023-01-30 04:06:47","2023-01-30 04:06:47"
1864,"Wilbur Begår Selvmord","wilbur-begaar-selvmord","Wilbur begår selvmord er en dansk-skotsk film fra 2002. Filmen er skrevet af Anders Thomas Jensen og Lone Scherfig, der også har instrueret. Mads Mikkelsen er den eneste danske skuespiller, der medvirker i filmen.
Medvirkende: Jamie Sives, Adrian Rawlins, Shirley Henderson, Lisa McKinley.
Dansk biografpremiere  08.11.2002
","https://info.kinorevuen.dk/wp-content/uploads/2021/02/wilbur-b-s-plk-rotated.jpeg",62,85,70,1,"2023-01-30 04:06:47","2023-01-30 04:06:47"
1865,"Tin Tin Et Moi","tin-tin-et-moi","&#8216;Tintin og mig&#8217; er en selvbiografisk rejse gennem Hergés liv og geniale værk – fortalt med hans egen stemme fra de oprindelige interviewbånd og med både Hergé og hans tegninger gjort levende ved hjælp af animation. 
Dansk biografpremiere 16.01.2004
","https://info.kinorevuen.dk/wp-content/uploads/2021/02/tin-tin-em-plk.png",62,85,100,0,"2023-01-30 04:06:47","2023-01-30 04:06:47"
1867,"Fukssvansen","fukssvansen","Dansk film fra 2001, instrueret af Niels Arden.
Manuskript: Niels Arden Oplev, Anders Thomas Jensen, Håkan Lindhé.
Medvirkende: Anders W. Berthelsen, Martin Buch, Sidse Babett Knudsen, Thomas Bo Larsen.
Dansk biografpremiere  02.11.2001
","https://info.kinorevuen.dk/wp-content/uploads/2021/02/fucksv-plk-rotated.jpeg",62,85,70,0,"2023-01-30 04:06:47","2023-01-30 04:06:47"
1868,"Bagland","bagland","Dansk film fra 2003, instrueret Anders Gustafsson efter manuskript af Kim Leona.
Medvirkende: Stephanie León, Nicholas Dufour, Christopher Læssø, Sofie Helqvist.
Dansk biografpremiere	25.12.2003
","https://info.kinorevuen.dk/wp-content/uploads/2021/02/bagland-pl.png",62,85,50,1,"2023-01-30 04:06:47","2023-01-30 04:06:47"
1870,"Tæl Til 100","tael-til-100","Dansk film fra 2004, instrueret af Linda Krogsøe Holmberg, der også har skrevet manuskriptet med Stephen Jaworski og Hans Petter Blad.
Medvirkende: Frederik Paarup, Julie Carlsen, Anders W. Berthelsen, Sara Olsen.
Dansk biografpremiere	06.02.2004
","https://info.kinorevuen.dk/wp-content/uploads/2021/02/tael-til-100.png",62,85,40,1,"2023-01-30 04:06:47","2023-01-30 04:06:47"
1872,"Lad de Små Børn","lad-de-smaa-boern","Dansk film fra 2004, instrueret af Paprika Steen efter manuskript af Kim Fupz Aakeson.
Medvirkende: Sofie Gråbøl, Mikael Birkkjær, Søren Pilmark, Lena Endre.
Dansk biografpremiere	26.03.2004
","https://info.kinorevuen.dk/wp-content/uploads/2021/02/lad-de-smaa-b-plk.png",62,85,50,1,"2023-01-30 04:06:47","2023-01-30 04:06:47"
1874,"Forbrydelser","forbrydelser","Dansk dogmefilm fra 2004 instrueret af Annette K. Olesen, med manuskript af Kim Fupz Aakeson og Annette K. Olesen. Filmen er den 10. danske dogmefilm.
Medvirkende: Ann Eleonora Jørgensen, Trine Dyrholm, Nicolaj Kopernikus, Sonja Richter.
Dansk biografpremiere	23.01.2004
","https://info.kinorevuen.dk/wp-content/uploads/2021/02/forbrydelser-plakat.png",62,85,50,0,"2023-01-30 04:06:47","2023-01-30 04:06:47"
1876,"Villa Paranoia","villa-paranoia","Dansk film fra 2004, skrevet og instrueret af Erik Clausen.
Medvirkende: Erik Clausen, Sonja Richter, Frits Helmuth, Sidse Babett Knudsen.
Dansk biografpremiere	12.03.2004
","https://info.kinorevuen.dk/wp-content/uploads/2021/02/villa-p-plk.png",62,85,70,1,"2023-01-30 04:06:47","2023-01-30 04:06:47"
1878,"Family","family","Family er en dansk portrætfilm fra 2001, der er instrueret af Sami Saif og Phie Ambo efter manuskript af førstnævnte. Filmen blev i 2003 tildelt en Robert for årets dokumentarfilm.
Dansk biografpremiere	09.11.2001
","https://info.kinorevuen.dk/wp-content/uploads/2021/02/img-0952.jpg",62,85,30,1,"2023-01-30 04:06:47","2023-01-30 04:06:47"
1881,"Polle Fiction  (Teaser)","polle-fiction-teaser","Polle Fiction er en dansk komedie/kultfilm fra 2002. Den er instrueret af Søren Fauli, der også instruerede reklamefilmene for Sonofon. 
Medvirkende: Jens Andersen, Per Otto Bersang Rasmussen, Henrik Bechman, Petrine Agger, Søren Malling.
Dansk biografpremiere	08.03.2002
","https://info.kinorevuen.dk/wp-content/uploads/2021/02/img-0938.jpg",62,85,100,0,"2023-01-30 04:06:47","2023-01-30 04:06:47"
1890,"The Big Lebowski","sunes-familie-2","Amerikansk komediefilm fra 1998 af Joel og Ethan Coen.
Medvirkende: Jeff Bridges, John Goodman, Julianne Moore.
Dansk biografpremiere	21.08.1998
","https://info.kinorevuen.dk/wp-content/uploads/2021/02/tbl-rotated.jpeg",62,85,150,0,"2023-01-30 04:06:47","2023-01-30 04:06:47"
1953,"28 Dage Senere","28-dage-senere","Britisk prisbelønnet gyserfilm fra 2002, instrueret af Danny Boyle.
Medvirkende: Luke Mably, Naomie Harris, Emma Hitching, Brendan Gleeson.
Dansk biografpremiere 28.02.2003
","https://info.kinorevuen.dk/wp-content/uploads/2021/02/28-dage-rotated.jpeg",62,85,100,3,"2023-01-30 04:06:47","2023-01-30 04:06:47"
1957,"Peter Pan","peter-pan","Peter Pan er en amerikansk fantasy-eventyrfilm fra 2003 instrueret af P.J. Hogan og skrevet af Hogan og Michael Goldenberg. Manuskriptet er baseret på skuespillet fra 1904 og romanen Peter Pan fra 1911.
Dansk biografpremiere 02.04.2004
","https://info.kinorevuen.dk/wp-content/uploads/2021/02/peter-pan-plk.jpeg",62,85,60,4,"2023-01-30 04:06:47","2023-01-30 04:06:47"
1960,"Befri Willy 3","befri-willy-3","Amerikansk familiefilm fra 1997 instrueret af Sam Pillsbury med Jason James Richter og August Schellenberg i hovedrollerne.
Hele verdens yndlings-orcahval er tilbage i &#8216;Befri Willy 3&#8217;, den mest spændende og rørende Befri Willy-film til dato.
Dansk biografpremiere  03.10.1997
","https://info.kinorevuen.dk/wp-content/uploads/2021/02/bw3-rotated.jpeg",62,85,70,1,"2023-01-30 04:06:47","2023-01-30 04:06:47"
1962,"Hamlet","hamlet","Kenneth Branaghs ambitøse filmatisering af Shakespeare drama om den fortvivlede prins.
Medvirkende: Kenneth Branagh, John Gielgud, Jack Lemmon, Julie Christie.
Dansk biografpremiere 30.05.1997
","https://info.kinorevuen.dk/wp-content/uploads/2021/02/haml-rotated.jpeg",62,85,70,2,"2023-01-30 04:06:47","2023-01-30 04:06:47"
1964,"Contact","contact","Contact er en amerikansk science fiction dramafilm fra 1997 instrueret af Robert Zemeckis. Det er en filmatisering af Carl Sagans roman fra 1985 med samme navn.
Instruktion: Robert Zemeckis.
Medvirkende: Jodie Foster, Matthew McConaughey, Tom Skerritt.
Dansk biografpremiere 10.10.1997
","https://info.kinorevuen.dk/wp-content/uploads/2021/02/contact-rotated.jpeg",62,85,100,4,"2023-01-30 04:06:47","2023-01-30 04:06:47"
1966,"Tal til Hende","tal-til-hende","Spansk drama fra 2002 skrevet og instrueret af Pedro Almodóvar og med hovedrollen Javier Cámara, Darío Grandinetti, Leonor Watling, Geraldine Chaplin og Rosario Flores.
Dansk biografpremiere 11.10.2002
","https://info.kinorevuen.dk/wp-content/uploads/2021/02/tal-til-hende-rotated.jpeg",62,85,50,3,"2023-01-30 04:06:47","2023-01-30 04:06:47"
1968,"Anna Karenina","anna-karenina","Anna Karenina er en amerikansk periode-dramafilm fra 1997 skrevet og instrueret af Bernard Rose og medvirkende Sophie Marceau, Sean Bean, Alfred Molina, Mia Kirshner og James Fox.
Dansk biografpremiere 08.08.1997
","https://info.kinorevuen.dk/wp-content/uploads/2021/02/ak-rotated.jpeg",62,85,70,1,"2023-01-30 04:06:47","2023-01-30 04:06:47"
1970,"A Knight´s Tale","knights-tale","A Knight&#8217;s Tale er en amerikansk film fra 2001, skrevet og instrueret af Brian Helgeland; titlen, men dog ikke handlingen, er taget fra The Knight&#8217;s Tale, en af Canterbury-fortællingerne af Geoffrey Chaucer.
I filmens hovedrolle ses Heath Ledger, der spiller over for Rufus Sewell, Shannyn Sossamon og Paul Bettany
Dansk biografpremiere 05.10.2001
","https://info.kinorevuen.dk/wp-content/uploads/2021/02/a-knights-tale-plk.jpg",62,85,70,5,"2023-01-30 04:06:47","2023-01-30 04:06:47"
1980,"Det Regner med Frikadeller","det-regner-med-frikadeller","Computeranimeret film fra 2009 produceret af Sony Pictures Animation.
Dansk biografpremiere 21.01.2010
","https://info.kinorevuen.dk/wp-content/uploads/2021/02/drmf-plk-rotated.jpeg",62,85,40,6,"2023-01-30 04:06:47","2023-01-30 04:06:47"
1982,"Vi er din Far","vi-er-din-far","Amerikansk komediefilm fra 1997 instrueret af Ivan Reitman. Det er en nyindspilning af den franske film Les Compères fra 1983.
Medvirkende: Robin Williams, Billy Crystal.
Dansk biografpremiere	19.12.1997
","https://info.kinorevuen.dk/wp-content/uploads/2021/02/vedf-plk-rotated.jpeg",62,85,50,6,"2023-01-30 04:06:47","2023-01-30 04:06:47"
1984,"Farinelli - Kastratsangeren","farinelli-kastratsangeren","Farinelli er en internationalt co-produceret biografisk dramafilm fra 1994 instrueret af Gérard Corbiau med hovedrollen i Stefano Dionisi, Enrico Lo Verso, Elsa Zylberstein og Jeroen Krabbé.
Dansk biografpremiere 25. december 1995
Plakaten har buk/folder samt taperester og små huller i hjørner fra nåle.
","https://info.kinorevuen.dk/wp-content/uploads/2021/02/farinelle-rotated.jpeg",62,85,70,1,"2023-01-30 04:06:47","2023-01-30 04:06:47"
1991,"Zombie Rædslernes Morgen","zombie-raedslernes-morgen","Horrorfilm fra 1978 skrevet, instrueret og redigeret af George A. Romero.
Dansk biografpremiere 1979
Plakaten har buk/folder samt små huller i hjørner fra nåle.
","https://info.kinorevuen.dk/wp-content/uploads/2021/02/img-1055.jpg",60,85,400,0,"2023-01-30 04:06:47","2023-01-30 04:06:47"
1997,"Woodoo - Rædslernes Hotel","woodoo-raedslernes-hotel","Italiensk, overnaturlig horrorfilm fra 1981 instrueret af Lucio Fulci og med hovedrollen Catriona MacColl og David Warbeck.
Dansk biografpremiere 1982
Plakaten har buk/folder samt små huller i hjørner fra nåle.
","https://info.kinorevuen.dk/wp-content/uploads/2021/02/img-1061.jpg",62,85,500,0,"2023-01-30 04:06:47","2023-01-30 04:06:47"
2033,"Wonderful Life","wonderful-life","Wonderful Life er en britisk film fra 1964 lavet som et køretøj for popstjernen Cliff Richard. Det er den tredje i en række filmmusikaler efter De unge og sommerferien. Skrevet af Peter Myers og Ronald Cass, instrueret af Sidney J.
Dansk biografpremiere 02.07.1964
Bemærk! Plakaten  er meget slidt. har buk/folder samt mange huller i hjørner fra nåle. samt en 6 cm revne  i højre side.
","https://info.kinorevuen.dk/wp-content/uploads/2021/02/won-rotated.jpeg",62,85,400,1,"2023-01-30 04:06:47","2023-01-30 04:06:47"
2040,"Den fredløse - eventyret om Robin Hood","den-fredloese-eventyret-om-robin-hood","Dansk biografpremiere  10.01.1976
Plakaten har buk/folder samt små huller i hjørner fra nåle.
","https://info.kinorevuen.dk/wp-content/uploads/2021/02/rh-pl-rotated.jpeg",62,85,300,1,"2023-01-30 04:06:47","2023-01-30 04:06:47"
2043,"Seksløberen, som blev tavs","seksloeberen-som-blev-tavs","Amerikansk film fra 1976 instrueret af Don Siegel og baseret på Glendon Swarthouts 1975-roman med samme navn.
Medvirkende: John Wayne, Lauren Bacall, Ron Howard.
Instruktør: Donald Siegel.
Dansk biografpremiere 15.11.1976
Plakaten har buk/folder samt små huller i hjørner fra nåle.
","https://info.kinorevuen.dk/wp-content/uploads/2021/02/seksl-rotated.jpeg",62,85,300,1,"2023-01-30 04:06:47","2023-01-30 04:06:47"
2045,"Vampyr-Fiskene","vampyr-fiskene","Horrorfilm fra 1982 instrueret af James Cameron.
Medvirkende: Tricia O&#8217;Neil, Steve Marachuk, Lance Henriksen, Ricky G. Paull.
Dansk biografpremiere	15.10.1982
Plakaten har buk/folder samt små huller i hjørner fra nåle.
","https://info.kinorevuen.dk/wp-content/uploads/2021/02/vf-rotated.jpeg",62,85,700,1,"2023-01-30 04:06:47","2023-01-30 04:06:47"
2047,"Dyrlægens Plejebørn","dyrlaegens-plejeboern","Dansk film fra 1968, skrevet og instrueret af Carl Ottosen.
Medvirkende: Dirch Passer, Ove Sprogøe, Axel Strøbye, Lone Hertz, Karl Stegger, Judy Gringer.
Dansk biografpremiere	29.11.1968
Bemærk!
Plakaten har buk/folder samt små huller i hjørner fra nåle.
Lille hjørne mangler i øverste højre side.
","https://info.kinorevuen.dk/wp-content/uploads/2021/02/dyrl-p-rotated.jpeg",62,85,250,0,"2023-01-30 04:06:47","2023-01-30 04:06:47"
2050,"Skytten","skytten","Skytten er en dansk politisk thriller fra 1977 instrueret af Tom Hedegaard og Franz Ernst med manuskript af Anders Bodelsen og Franz Ernst. I hovedrollerne ses Jens Okking, Peter Steen og Pia Maria Wohlert. 
Dansk biografpremiere	26.12.1977
Plakaten har buk/folder samt små huller i hjørner fra nåle.
","https://info.kinorevuen.dk/wp-content/uploads/2021/02/skytte.jpg",62,85,250,1,"2023-01-30 04:06:47","2023-01-30 04:06:47"
2052,"Dobbelt Forræderi","dobbelt-forraederi","Svensk dramafilm fra 1977 instrueret af Mats Arehn.
Baseret på romanen Uppdraget af Per Wahlöö.
Medvirkende: Christopher Plummer, Thomas Hellberg, Carolyn Seymour.
Dansk biografpremiere 04.11.1977
Plakaten har buk/folder samt små huller i hjørner fra nåle.
","https://info.kinorevuen.dk/wp-content/uploads/2021/02/df-rotated.jpeg",62,85,250,1,"2023-01-30 04:06:47","2023-01-30 04:06:47"
2054,"Dragen i Dødens Tårn","dragen-i-doedens-taarn","Karatefilm, om en lillebrors hævntogt efter at storebroderen er blevet myrdet.
Medvirkende: Bruce Lee.
Bruce Lee døde 20.7.1973 midt under optagelserne til &#8220;Tower of Death&#8221;, og det siges at være disse optagelser, der ligger til grund for &#8220;Game of Death 2&#8221;.
Dansk biografpremiere	31.10.1983
Plakaten har buk/folder samt små huller i hjørner fra nåle.
","https://info.kinorevuen.dk/wp-content/uploads/2021/02/dragen-i-rotated.jpeg",62,85,400,1,"2023-01-30 04:06:47","2023-01-30 04:06:47"
2056,"Kagemusha - Krigerens Skygge","kagemusha-krigerens-skygge","Japansk storfilm af Akira Kurosawa.
&#8216;Kagemusha&#8217; modtog Guldpalmen i Cannes.
Dansk biografpremiere	17.11.1980
Plakaten har buk/folder samt små huller i hjørner fra nåle.
","https://info.kinorevuen.dk/wp-content/uploads/2021/02/kagem-rotated.jpeg",62,85,300,1,"2023-01-30 04:06:47","2023-01-30 04:06:47"
2058,"Ved Vejen","ved-vejen","Ved vejen er en dansk film fra 1988 af instruktøren Max von Sydow, med manuskript af Klaus Rifbjerg, efter romanen Ved Vejen af Herman Bang.
Tine Miehe-Renard vandt Bodilprisen for bedste kvindelige birolle for sin rolle som Agnes.
Dansk biografpremiere	19.08.1988
Plakaten har buk/folder samt små huller i hjørner fra nåle.
","https://info.kinorevuen.dk/wp-content/uploads/2021/02/ved-vejen-rotated.jpeg",52,85,150,1,"2023-01-30 04:06:47","2023-01-30 04:06:47"
2060,"Den Enfoldige Morder","den-enfoldige-morder","Den enfoldige morder er en svensk film fra 1982 instrueret af Hans Alfredson med Stellan Skarsgård i hovedrollen som Sven Olsson.
Filmen er hovedsagelig baseret på afsnittet Idiotens Berättelse i Hans Alfredsons roman.
Dansk biografpremiere 04.05.1982
Plakaten har buk/folder samt små huller i hjørner fra nåle.
","https://info.kinorevuen.dk/wp-content/uploads/2021/02/dem-rotated.jpeg",62,85,150,1,"2023-01-30 04:06:47","2023-01-30 04:06:47"
2067,"X - Men: Dark Phoenix","x-men-dark-phoenix","Filmen er baseret på tegneserien &#8216;The Dark Phoenix Saga&#8217; af Chris Claremont og John Byrne.
&#8216;X-Men: Dark Phoenix&#8217; bliver det kulminerende kapitel i filmserien, der startede med X-Men fra 2000.
Dansk biografpremiere 06.06.2019
","https://info.kinorevuen.dk/wp-content/uploads/2021/02/xmen-pla.jpg",70,101,70,3,"2023-01-30 04:06:47","2023-01-30 04:06:47"
2069,"Rocketman","rocketman","Det biografiske drama &#8216;Rocketman&#8217; handler om sangeren Elton John spillet af Taron Egerton.
Dansk biografpremiere 29.05.2019
","https://info.kinorevuen.dk/wp-content/uploads/2021/02/rocketman-plk.jpg",70,100,70,2,"2023-01-30 04:06:47","2023-01-30 04:06:47"
2076,"It Del 2","it-del-2","Gyserfilmen &#8216;It del 2&#8217; er efterfølgeren til den populære filmatisering af Stephen Kings roman It.
Dansk biografpremiere 29.05.2019
","https://info.kinorevuen.dk/wp-content/uploads/2021/02/it-del-2-plk.jpg",70,100,70,1,"2023-01-30 04:06:47","2023-01-30 04:06:47"
2080,"Beslutningen","beslutningen","Fransk film fra 2010, instrueret af Rose Bosch.
Filmen handler om jødeforfølgelsen i Frankrig under 2. verdenskrig.
Medvirkende: Jean Reno (’Léon’) og Mélanie Laurent.
Dansk biografpremiere	14.10.2010
","https://info.kinorevuen.dk/wp-content/uploads/2021/02/beslutningenplak.jpg",72,100,70,3,"2023-01-30 04:06:47","2023-01-30 04:06:47"
2082,"The House That Jack Built","the-house-that-jack-built","Dansk film fra 2018, instrueret af den danske filminstruktør Lars von Trier og med den afdøde tyske skuespiller Bruno Ganz.
70&#8217;ernes Amerika. Vi følger den højt intelligente Jack over en periode på 12 år – og introduceres for de mord, som er definerende for Jacks udvikling som seriemorder.
Medvirkende: Matt Dillon, Bruno Ganz, Uma Thurman, Siobhan Fallon Hogan.
Dansk biografpremiere 29.05.2019
","https://info.kinorevuen.dk/wp-content/uploads/2021/02/house-that-jack-built-pl.jpg",70,100,70,7,"2023-01-30 04:06:47","2023-01-30 04:06:47"
2084,"Sammys Store Eventyr","x-men-first-class","Sammy&#8217;s Store Eventyr er en engelsksproget belgisk-fransk 3D-computer-animeret eventyr film, der er co-skrevet og instrueret af Ben Stassen. 
Dansk biografpremiere 16.09.2010
","https://info.kinorevuen.dk/wp-content/uploads/2021/02/plak-sammys.jpg",70,100,50,3,"2023-01-30 04:06:47","2023-01-30 04:06:47"
2095,"Før Frosten","foer-frosten","Det danske drama &#8216;Før frosten&#8217; udspiller sig i midten af 1800-tallet og følger bonden Jens, der står over for et svært valg.
Medvirkende: Jesper Christensen, Clara Rosager, Ghita Nørby, Elliott Crosset Hove.
Dansk biografpremiere 10.01.2019
","https://info.kinorevuen.dk/wp-content/uploads/2021/02/foer-frosten.jpg",70,100,70,4,"2023-01-30 04:06:47","2023-01-30 04:06:47"
2097,"Captain Marvel  (Teaser)","captain-marvel-teaser","Marvels 21. film, Captain Marvel, er udover at være MCU&#8217;s første solo-film med en kvinde i front, også en action-mættet fortælling om tiden før Avengers.
Dansk biografpremiere 06.03.2019
","https://info.kinorevuen.dk/wp-content/uploads/2021/02/captain-marvel-teaser.jpeg",70,100,150,2,"2023-01-30 04:06:47","2023-01-30 04:06:47"
2099,"Thor","thor","Amerikansk superheltefilm fra 2011, baseret på tegneseriekarakteren af samme navn udgivet af Marvel Comics.
Dansk biografpremiere 28.04.2011
","https://info.kinorevuen.dk/wp-content/uploads/2021/02/thord-plk.jpg",70,100,100,2,"2023-01-30 04:06:47","2023-01-30 04:06:47"
2101,"X - Men: First Class","x-men-first-class-2","Amerikansk superheltefilm fra 2011, baseret på tegneseriekarakteren af samme navn udgivet af Marvel Comics.
Dansk biografpremiere 01.06.2011
","https://info.kinorevuen.dk/wp-content/uploads/2021/02/xmenfirstclasspl.jpg",70,100,100,3,"2023-01-30 04:06:47","2023-01-30 04:06:47"
2104,"Værk uden Skaber","vaerk-uden-skaber","Tysk dramafilm fra 2018 skrevet og instrueret af Florian Henckel von Donnersmarck.
filmen blev nomineret til en gylden løve på den 75. Venedig internationale filmfestival og til en gylden klode af Hollywood Foreign Press Association.
Dansk biografpremiere 17.04.2019
","https://info.kinorevuen.dk/wp-content/uploads/2021/02/vaerk-plakat.png",70,100,70,4,"2023-01-30 04:06:47","2023-01-30 04:06:47"
2106,"Vogterne","vogterne","Fransk dramafilm fra 2017, instrueret og skrevet af Xavier Beauvois. 
Dansk biografpremiere 01.11.2018
","https://info.kinorevuen.dk/wp-content/uploads/2021/02/vogterneplakat.jpg",70,100,70,2,"2023-01-30 04:06:47","2023-01-30 04:06:47"
2108,"Sangen fra Havet","sangen-fra-havet","&#8216;Sangen fra havet&#8217; er instrueret af irske Tomm Moore &#8211; kendt fra den Oscar nominerede &#8220;Brendan og hemmelighedernes bog&#8221;. 
Dansk biografpremiere 19.02.2015
","https://info.kinorevuen.dk/wp-content/uploads/2021/02/sangen-fra-havet-plakat.jpg",70,100,70,5,"2023-01-30 04:06:47","2023-01-30 04:06:47"
2110,"Den tid på Året","den-tid-paa-aaret","Drama-komedien &#8216;Den tid på året&#8217; handler om en begivenhed, vi alle kan relatere til, nemlig juleaften.
filmen er instrueret af Paprika Steen, der denne gang også medvirker i hovedrollen som værtinden med de mange gode intentioner.
Medvirkende: Jacob Lohmann, Paprika Steen, Lars Knutzon, Lars Brygmann, Sofie Gråbøl.
Dansk biografpremiere 08.11.2018
","https://info.kinorevuen.dk/wp-content/uploads/2021/02/dentidpaaaaretplakat.jpg",70,100,50,2,"2023-01-30 04:06:47","2023-01-30 04:06:47"
2112,"Saw VII","saw-vii","Amerikansk horrorfilm fra 2010. Filmen er den syvende film i Saw filmserien. Filmen er instrueret af Kevin Greutert.
Dansk biografpremiere 04.11.2010
","https://info.kinorevuen.dk/wp-content/uploads/2021/02/plakatsaw.jpg",70,100,70,4,"2023-01-30 04:06:47","2023-01-30 04:06:47"
2115,"Tågen","taagen","Amerikansk gyserfilm fra 1980 instrueret af John Carpenter, som også var med til at skrive manuskriptet og skabte musikken til filmen.
Medvitkende: Adrienne Barbeau, Jamie Lee Curtis, Tom Atkins, Janet Leigh og Hal Holbrook.
Dansk biografpremiere 07.04.1980
Plakaten har buk/folder samt små huller i hjørner fra nåle.
","https://info.kinorevuen.dk/wp-content/uploads/2021/02/taagen-plk-rotated.jpeg",62,85,400,0,"2023-01-30 04:06:47","2023-01-30 04:06:47"
2117,"Det Grusomme Udefra","det-grusomme-udefra","Det grusomme udefra er en science fiction- / horror-film fra 1982, instrueret af John Carpenter.
Dansk biografpremiere  	05.11.1982
Plakaten har buk/folder samt små huller i hjørner fra nåle.
","https://info.kinorevuen.dk/wp-content/uploads/2021/02/det-grusomme-udefra-rotated.jpeg",62,85,375,0,"2023-01-30 04:06:47","2023-01-30 04:06:47"
2119,"Blind Terror","blind-terror","Psykologisk horror-thrillerfilm fra 1971 instrueret af Richard Fleischer
Medvirkende:Mia Farrow, Dorothy Alison, Robin Bailey.
Dansk biografpremiere	26.11.1971
Plakaten har buk/folder samt taperester og små huller i hjørner fra nåle.
","https://info.kinorevuen.dk/wp-content/uploads/2021/02/blind-terror-rotated.jpeg",62,85,125,1,"2023-01-30 04:06:47","2023-01-30 04:06:47"
2121,"Ulvekvinden","ulvekvinden","Plakaten har buk/folder samt små huller i hjørner fra nåle.
","https://info.kinorevuen.dk/wp-content/uploads/2021/02/ulvek-plk-rotated.jpeg",62,85,700,1,"2023-01-30 04:06:47","2023-01-30 04:06:47"
2130,"Bilen","bilen","En stor, sort 2-dørs Sedan, som terroriserer en lille by i New Mexico. Ingen ved, hvor bilen kommer fra, hvem der kører den, eller hvordan den kan stoppes.
Medvirkende: James Brolin, Kathleen Lloyd, John Marley.
Instruktør: Elliot Silverstein.
Dansk biografpremiere 23.11.1977
Plakaten har buk/folder samt små huller i hjørner fra nåle.
Filmplakaten bliver sendt foldet, som den også engang blev leveret til biografen.
Plakaten bliver sendt i kraftig kuvert.
","https://info.kinorevuen.dk/wp-content/uploads/2021/02/bilen-pl-rotated.jpeg",62,85,125,0,"2023-01-30 04:06:47","2023-01-30 04:06:47"
2134,"13 Trin mod Døden","13-trin-mod-doeden","Dansk biografpremiere 23.11.1977
Plakaten har buk/folder samt små huller i hjørner fra nåle
Filmplakaten bliver sendt foldet ,som den også engang blev leveret til biografen.
Plakaten bliver sendt i kraftig kuvert.
","https://info.kinorevuen.dk/wp-content/uploads/2021/02/13-trin-rotated.jpeg",62,85,100,0,"2023-01-30 04:06:47","2023-01-30 04:06:47"
2138,"Skrækborgen","skraekborgen","Tysk horrorfilm fra 1967 instrueret af Harald Reinl og med Christopher Lee, Karin Dor og Lex barker i hovedrollerne. 
Dansk biografpremiere 24.04.1970
Plakaten har buk/folder samt små huller i hjørner fra nåle.
Filmplakaten bliver sendt foldet, som den også engang blev leveret til biografen.
Plakaten bliver sendt i kraftig kuvert.
","https://info.kinorevuen.dk/wp-content/uploads/2021/02/skraekborgen-plk-rotated.jpeg",62,85,350,1,"2023-01-30 04:06:47","2023-01-30 04:06:47"
2140,"Djævle - Ligaen","djaevle-ligaen","Dansk biografpremiere ??
Plakaten har buk/folder samt små huller i hjørner fra nåle.
Filmplakaten bliver sendt foldet, som den også engang blev leveret til biografen.
Plakaten bliver sendt i kraftig kuvert.
","https://info.kinorevuen.dk/wp-content/uploads/2021/02/dj-liga-plk-rotated.jpeg",62,85,140,1,"2023-01-30 04:06:47","2023-01-30 04:06:47"
2141,"Angreb fra Dybet","angreb-fra-dybet","Dansk biografpremiere: 16.01.1980
Plakaten har buk/folder samt små huller i hjørner fra nåle.
Filmplakaten bliver sendt foldet, som den også engang blev leveret til biografen.
Plakaten bliver sendt i kraftig kuvert.
","https://info.kinorevuen.dk/wp-content/uploads/2021/02/angreb-fra-d-plk-rotated.jpeg",62,85,650,1,"2023-01-30 04:06:47","2023-01-30 04:06:47"
2143,"Rødt Chok","roedt-chok","Gyserfilm fra 1973, instrueret af Nicolas Roeg og baseret på en novelle af Daphne du Maurier.
Medvirkende: Donald Sutherland, Julie Christie.
Dansk biografpremiere 18.03.1974
Plakaten har buk/folder samt små huller i hjørner fra nåle.
Filmplakaten bliver sendt foldet, som den også engang blev leveret til biografen.
Plakaten bliver sendt i kraftig kuvert.
","https://info.kinorevuen.dk/wp-content/uploads/2021/02/roedt-chok-pl-rotated.jpeg",62,85,150,1,"2023-01-30 04:06:47","2023-01-30 04:06:47"
2144,"Lejrbålet","lejrbaalet","Amerikansk slasherfilm fra 1981 instrueret af Tony Maylam og med Brian Matthews, Brian Backer, Leah Ayres og Lou David i hovedrollerne. 
Dansk biografpremiere 13.08.1982
Plakaten har buk/folder samt små huller i hjørner fra nåle.
Filmplakaten bliver sendt foldet, som den også engang blev leveret til biografen.
Plakaten bliver sendt i kraftig kuvert.
","https://info.kinorevuen.dk/wp-content/uploads/2021/02/lejrb-plk-rotated.jpeg",62,85,225,0,"2023-01-30 04:06:47","2023-01-30 04:06:47"
2145,"Rædsler i dybet","raedsler-i-dybet","Den nervepirrende Piranha &#8211; Rædsler i dybet er genre-auteur Joe Dantes første film som instruktør.
Medvirkende: Bradford Dillman, Heahter Menzies, Kevin McCarthy.
Dansk biografpremiere 10.11.1978
Plakaten har buk/folder samt små huller i hjørner fra nåle.
Filmplakaten bliver sendt foldet, som den også engang blev leveret til biografen.
Plakaten bliver sendt i kraftig kuvert.
","https://info.kinorevuen.dk/wp-content/uploads/2021/02/raeds-pl-rotated.jpeg",62,85,700,1,"2023-01-30 04:06:47","2023-01-30 04:06:47"
2146,"Dr. jekyll og Søster Hyde","dr-jekyll-og-soester-hyde","Dr. Jekyll og Sister Hyde er en britisk horrorfilm fra 1971.  instrueret af Roy Ward Baker baseret på novellen fra 1886 Strange Case of Dr Jekyll og Mr. Hyde af Robert Louis Stevenson.
Dansk biografpremiere 1972
Plakaten har buk/folder samt små huller i hjørner fra nåle.
Filmplakaten bliver sendt foldet, som den også engang blev leveret til biografen.
Plakaten bliver sendt i kraftig kuvert.
","https://info.kinorevuen.dk/wp-content/uploads/2021/02/dr-jekyll-pl-rotated.jpeg",62,85,175,1,"2023-01-30 04:06:47","2023-01-30 04:06:47"
2147,"Blodig Fødselsdag","blodig-foedselsdag","Amerkansk film fra 1981 instrueret af J. Lee Thompson med Melissa Sue Anderson og Glenn Ford i hovedrollen. 
Dansk biografpremiere  	1982
Plakaten har buk/folder samt små huller i hjørner fra nåle.
Filmplakaten bliver sendt foldet ,som den også engang blev leveret til biografen.
Plakaten bliver sendt i kraftig kuvert.
","https://info.kinorevuen.dk/wp-content/uploads/2021/02/bl-foesda-pl-rotated.jpeg",62,85,125,0,"2023-01-30 04:06:47","2023-01-30 04:06:47"
2148,"Araknofobi","araknofobi","Amerikansk gyserfilm, instrueret af Frank Marshall
Medvirkende: Jeff Daniels, Harley Jane Kozak, John Goodman.
Dansk biografpremiere 18.01.1991
Plakaten har buk/folder samt små huller i hjørner fra nåle.
Filmplakaten bliver sendt foldet, som den også engang blev leveret til biografen.
Plakaten bliver sendt i kraftig kuvert, 
","https://info.kinorevuen.dk/wp-content/uploads/2021/02/arakno-plk-rotated.jpeg",62,85,250,1,"2023-01-30 04:06:47","2023-01-30 04:06:47"
2150,"Alien vs. Predator","alien-vs-predator","Amerikansk Gyser, action, science-fictionfilm fra 2004.
Instrueret af Paul W. S. Anderson.
Medvirkende: Tom Woodruff Jr., Tommy Flanagan, Ian Whyte, Sam Troughton, Lance Henriksen.
Dansk biografpremiere  	19.11.2004
","https://info.kinorevuen.dk/wp-content/uploads/2021/02/alien-vs-pr-plk-rotated.jpeg",62,85,70,6,"2023-01-30 04:06:47","2023-01-30 04:06:47"
2153,"Edderkoppens Spind","edderkoppens-spind","Amerikansk psykologisk thriller fra 2001 instrueret af Lee Tamahori.
Medvirkende: Morgan Freeman, Monica Potter, Michael Wincott.
Dansk biografpremiere 10.05.2001
Plakaten har små huller i hjørner fra nåle.
","https://info.kinorevuen.dk/wp-content/uploads/2021/02/edderk-sp-plk-rotated.jpeg",62,85,175,2,"2023-01-30 04:06:47","2023-01-30 04:06:47"
2155,"Djævelens Advokat","djaevelens-advokat","Djævelens advokat er en amerikansk thriller fra 1997 baseret på Andrew Neiderman roman af samme navn. Den er instrueret af Taylor Hackford, og har Keanu Reeves, Al Pacino og Charlize Theron i hovedrollerne.
Dansk biografpremiere 09.01.1998
Plakaten har små huller i hjørner fra nåle.
","https://info.kinorevuen.dk/wp-content/uploads/2021/02/dj-advokat-plk-rotated.jpeg",62,85,125,1,"2023-01-30 04:06:47","2023-01-30 04:06:47"
2167,"The Gift","the-gift","Instruktion: Sam Raimi
Medvirkende: Cate Blanchett, Keanu Reeves, Danny Elfman.
Dansk biografpremiere 18.05.2001
Plakaten har små huller i hjørner fra nåle.
","https://info.kinorevuen.dk/wp-content/uploads/2021/02/the-gift-plk-rotated.jpeg",62,85,70,2,"2023-01-30 04:06:47","2023-01-30 04:06:47"
2175,"Når en Morder Ringer","naar-en-morder-ringer","Dansk biografpremiere  	22.08.1980
Plakaten har buk/folder samt små huller i hjørner fra nåle
Filmplakaten bliver sendt foldet ,som den også engang blev leveret til biografen.
Plakaten bliver sendt i kraftig kuvert.
","https://info.kinorevuen.dk/wp-content/uploads/2021/02/nar-en-morder-ringer-rotated.jpeg",62,85,150,1,"2023-01-30 04:06:47","2023-01-30 04:06:47"
2178,"Den Hemmelige Kraft","den-hemmelige-kraft","Den hemmelige kraft (The Fury) er en gysere-thriller fra 1978. baseret på en roman og manuskript af forfatteren John Farris.
Medvirkende: Kirk Douglas, John Cassavetes, Carrie Snodgress.
Instruktør: Brian De Palma.
Dansk biografpremiere  	29.01.1979
Plakaten har buk/folder samt små huller i hjørner fra nåle
Filmplakaten bliver sendt foldet ,som den også engang blev leveret til biografen.
Plakaten bliver sendt i kraftig kuvert.
","https://info.kinorevuen.dk/wp-content/uploads/2021/02/den-h-kr-plk-rotated.jpeg",62,85,200,1,"2023-01-30 04:06:47","2023-01-30 04:06:47"
2179,"Morderen med Havesaksen","morderen-med-havesaksen","En Chokerende psykologisk gyser, iscenesat af Denis Sanders.
Medvirkende: Stuart Whitman, Carol Lynley, Roddy McDowall, Lauren Bacall.
Dansk biografpremiere  04.06.1965
Plakaten har buk/folder samt små huller i hjørner fra nåle
Filmplakaten bliver sendt foldet ,som den også engang blev leveret til biografen.
Plakaten bliver sendt i kraftig kuvert.
","https://info.kinorevuen.dk/wp-content/uploads/2021/02/morderen-med-havesak-plk-rotated.jpeg",62,85,1000,1,"2023-01-30 04:06:47","2023-01-30 04:06:47"
2180,"Søvnløse Nætter","soevnloese-naetter","Fjerde kapitel i historien om barnemorderen Freddy Krueger. 
Dansk biografpremiere  06.02.1989
Plakaten har buk/folder samt små huller i hjørner fra nåle
Filmplakaten bliver sendt foldet ,som den også engang blev leveret til biografen.
Plakaten bliver sendt i kraftig kuvert.
","https://info.kinorevuen.dk/wp-content/uploads/2021/02/soevnloese-rotated.jpeg",62,85,225,0,"2023-01-30 04:06:47","2023-01-30 04:06:47"
2181,"Mørkets Ø","moerkets-oe","Psykologisk gyser.
Instruktør: Trygve Allister Diesen.
Medvirkende: Sofie Gråbøl, Paul-Ottar Haga, Sina Langfeldt, Trini Lund.
Dansk biografpremiere 	06.02.1998
","https://info.kinorevuen.dk/wp-content/uploads/2021/02/moerkets-oe-rotated.jpeg",62,85,70,2,"2023-01-30 04:06:47","2023-01-30 04:06:47"
2183,"Besat","besat","Dansk film fra 1999, skrevet og instrueret af Anders Rønnow Klarlund..
Medvirkende: Udo Kier, Ole Lemmeke, Kirsti Eline Torhaug, Ole Ernst.
Dansk biografpremiere  25.06.1999
","https://info.kinorevuen.dk/wp-content/uploads/2021/02/besat-plk.jpeg",62,85,100,1,"2023-01-30 04:06:47","2023-01-30 04:06:47"
2185,"Nattens Engel","nattens-engel","Dansk gyser fra 1998, instrueret af Shaky González. Det er den første danske vampyrfilm siden Carl Th. Dreyers Vampyr fra 1932.
Medvirkende: Maria Stokholm, Mette Louise Holland, Tomas Villum Jensen, Ulrich Thomsen., Mads Mikkelsen.
Dansk biografpremiere  04.12.1998
","https://info.kinorevuen.dk/wp-content/uploads/2021/02/nattens-engel-rotated.jpeg",62,85,100,1,"2023-01-30 04:06:47","2023-01-30 04:06:47"
2188,"Kæmpeedderkopperne Angriber","kaempeedderkopperne-angriber","Gysermonster, komedie, actionfilm instrueret af Ellory Elkayem.
Medvirkende: David Arquette, Kari Wuhrer, Scott Terra.
Dansk biografpremiere  13.09.2002
","https://info.kinorevuen.dk/wp-content/uploads/2021/02/kaempeed-pl-rotated.jpeg",62,85,70,1,"2023-01-30 04:06:47","2023-01-30 04:06:47"
2190,"Kæmpeedderkopperne Angriber","kaempeedderkopperne-angriber-kopier","Gysermonster, komedie, actionfilm instrueret af Ellory Elkayem.
Medvirkende: David Arquette, Kari Wuhrer, Scott Terra.
Dansk biografpremiere  13.09.2002
","https://info.kinorevuen.dk/wp-content/uploads/2021/02/kaempeed-pl-2-rotated.jpeg",62,85,70,1,"2023-01-30 04:06:47","2023-01-30 04:06:47"
2192,"Gothika","gothika","Gyserfilm fra 2003, Instrueret af Mathieu Kassovitz og skrevet af Sebastian Gutierrez.
Medvirkende: Halle Berry, Robert Downey Jr., Penélope Cruz.
Dansk biografpremiere  05.03.2004
","https://info.kinorevuen.dk/wp-content/uploads/2021/02/gothika-pl-rotated.jpeg",62,85,100,1,"2023-01-30 04:06:47","2023-01-30 04:06:47"
2195,"Spøgelseshuset","spoegelseshuset","Aerikansk horrorkomediefilm fra 2003-
Medvirkende: Eddie Murphy, Terence Stamp, Jennifer Tilly.
Dansk biografpremiere  20.02.2004
","https://info.kinorevuen.dk/wp-content/uploads/2021/02/spoegelseshuset-plk-rotated.jpeg",62,85,50,1,"2023-01-30 04:06:47","2023-01-30 04:06:47"
2197,"Sidste Time","sidste-time","Dansk ungdomsgyserfilm fra 1995, instrueret af Martin Schmidt. Manuskriptet er skrevet af Dennis Jürgensen
Medvirkende: Lene Laub Oksen, Tomas Villum Jensen, Laura Drasbæk, Karl Bille.
Dansk biografpremiere 26.06.1995
","https://info.kinorevuen.dk/wp-content/uploads/2021/02/image0-rotated.jpeg",62,85,100,1,"2023-01-30 04:06:47","2023-01-30 04:06:47"
2201,"Judex - Manden i Sort","judex-manden-i-sort","Medvirkende: Channing Pollock, Francine Berge, Edith Scob.
Dansk biografpremiere 25.08.1965
Plakaten har buk/folder samt små huller i hjørner fra nåle.
Filmplakaten bliver sendt foldet ,som den også engang blev leveret til biografen.
Plakaten bliver sendt i kraftig kuvert
","https://info.kinorevuen.dk/wp-content/uploads/2021/02/judex-rotated.jpeg",62,85,900,1,"2023-01-30 04:06:47","2023-01-30 04:06:47"
2203,"Offer for en Samler","offer-for-en-samler","Engelsk, amerikansk psykologisk gyserfilm fra 1965 instrueret af William Wyler og med Terence Stamp og Samantha Eggar i hovedrollen. 
Dansk biografpremiere 01.02.1966
Plakaten har buk/folder samt små huller i hjørner fra nåle.
Filmplakaten bliver sendt foldet ,som den også engang blev leveret til biografen.
Plakaten bliver sendt i kraftig kuvert
","https://info.kinorevuen.dk/wp-content/uploads/2021/02/offer-for-en-samler-pl-rotated.jpeg",62,85,400,1,"2023-01-30 04:06:47","2023-01-30 04:06:47"
2205,"Go Go Morderen","go-go-morderen","Dansk biografpremiere 10.11.1970
Plakaten har buk/folder samt små huller i hjørner fra nåle.
Filmplakaten bliver sendt foldet ,som den også engang blev leveret til biografen.
Plakaten bliver sendt i kraftig kuvert
","https://info.kinorevuen.dk/wp-content/uploads/2021/02/go-go-morderen-rotated.jpeg",62,85,400,1,"2023-01-30 04:06:47","2023-01-30 04:06:47"
2207,"Fredag den 13. - Sidste Kapitel","fredag-den-13-sidste-kapitel","Amerikansk film fra 1984, og det fjerde kapitel i Fredag den 13. filmserien.
Filmen var oprindeligt ment til at skulle være den sidste i rækken (deraf navnet), men Paramount Pictures ombestemte sig og lavede yderligere 4 film.
Medvirkende: Erich Anderson, Judie Aronson, Peter Barton, Kimberly Beck.
Dansk biografpremiere 13.07.1984
Plakaten har buk/folder samt små huller i hjørner fra nåle.
Filmplakaten bliver sendt foldet ,som den også engang blev leveret til biografen.
Plakaten bliver sendt i kraftig kuvert
","https://info.kinorevuen.dk/wp-content/uploads/2021/02/fred-13-pl-rotated.jpeg",62,85,1000,1,"2023-01-30 04:06:47","2023-01-30 04:06:47"
2209,"Forbryderlægens Hemmelighed","forbryderlaegens-hemmelighed","Engelsk gyserfilm fra 1968 instrueret af Robert Hartford-Davis fra et manuskript af Derek Ford og Donald Ford.
Medvirkende: Shirley Stelfox, Peter Cushing, Shirley Stelfox, Kate O&#8217;Mara, Jan Waters, Alexandra Dane.
Dansk biografpremiere 29.10.1969
Plakaten har buk/folder samt små huller i hjørner fra nåle.
Filmplakaten bliver sendt foldet ,som den også engang blev leveret til biografen.
Plakaten bliver sendt i kraftig kuvert
","https://info.kinorevuen.dk/wp-content/uploads/2021/02/forbryderlaegen-pl-rotated.jpeg",62,85,450,1,"2023-01-30 04:06:47","2023-01-30 04:06:47"
2211,"Chok Behandling","chok-behandling","Fransk film fra 1973 instrueret af Alain Jessua.
Medvirkende: Alain Delon, Annie Girardot, Robert Hirsch.
Dansk biografpremiere 05.11.1973
Plakaten har buk/folder samt små huller i hjørner fra nåle.
Filmplakaten bliver sendt foldet ,som den også engang blev leveret til biografen.
Plakaten bliver sendt i kraftig kuvert
","https://info.kinorevuen.dk/wp-content/uploads/2021/02/chok-behandl-rotated.jpeg",62,85,250,1,"2023-01-30 04:06:47","2023-01-30 04:06:47"
2213,"Et Skud i Mørke","et-skud-i-moerke","&#8220;Et skud i mørke&#8221; er fra 1964, instrueret af Blake Edwards. Filmen er den anden i serien om Den lyserøde panter. 
Medvirkende: Peter Sellers, Elke Sommer, George Sanders, Moira Redmond.
Dansk biografpremiere 21.01.1965
Plakaten har buk/folder samt små huller i hjørner fra nåle.
Filmplakaten bliver sendt foldet ,som den også engang blev leveret til biografen.
Plakaten bliver sendt i kraftig kuvert
","https://info.kinorevuen.dk/wp-content/uploads/2021/02/esim-rotated.jpeg",62,85,250,1,"2023-01-30 04:06:47","2023-01-30 04:06:47"
2215,"En Amerikansk Varulv i London","en-amerikansk-varulv-i-london","Filmen er et vidunderlig delikatesse af gys og sort humor i vel anrettet portioner.
Instrueret af John Landis.
Medvirkende: David Naughton, Jenny Agutter, Lila Kaye.
Dansk biografpremiere 22.02.1982
Plakaten har buk/folder samt små huller i hjørner fra nåle.
Filmplakaten bliver sendt foldet ,som den også engang blev leveret til biografen.
Plakaten bliver sendt i kraftig kuvert
","https://info.kinorevuen.dk/wp-content/uploads/2021/02/en-amerk-varulv-rotated.jpeg",62,85,300,1,"2023-01-30 04:06:47","2023-01-30 04:06:47"
2218,"Eyes Wide Shut","eyes-wide-shut","Eyes Wide Shut er en britisk-amerikansk film fra 1999.
Filmen er instrueret af Stanley Kubrick. “Min bedste film,” sagde Kubrick om sit sidste værk.
Medvirkende: Tom Cruise og Nicole Kidman.
Plakaten har små huller i hjørner fra nåle.
Dansk biografpremiere  24.09.1999
","https://info.kinorevuen.dk/wp-content/uploads/2021/02/eyes-wide-shut-plak.jpg",62,85,250,1,"2023-01-30 04:06:47","2023-01-30 04:06:47"
2221,"Terkel i Knibe","terkel-i-knibe","Animationsfilmen &#8216;Terkel i knibe&#8217; er baseret på Anders Matthesens lyttespil af samme navn.
Plakaten har små huller i hjørner fra nåle.
Dansk biografpremiere  02.04.2004
","https://info.kinorevuen.dk/wp-content/uploads/2021/02/terkel-pl-rotated.jpeg",62,85,200,0,"2023-01-30 04:06:47","2023-01-30 04:06:47"
2223,"The King is Alive","the-king-is-alive","Instruktør: Kristian Levring.
Kristian Levring var blandt de oprindelige underskrivere af Dogme 95.
Filmen blev præsenteret uden for konkurrence i serien Un Certain Regard ved Cannes-festivalen 2000. Den blev siden vist på mange festivaler.
Plakaten har små huller i hjørner fra nåle.
Dansk biografpremiere  05.01.2001
","https://info.kinorevuen.dk/wp-content/uploads/2021/02/the-king-is-alive-plk-rotated.jpeg",62,85,125,1,"2023-01-30 04:06:47","2023-01-30 04:06:47"
2227,"Chocolat","chocolat","&#8220;Chocolat&#8221; er en amerikansk film fra 2000 instrueret af Lasse Hallström efter Joanna Harris&#8217; roman af samme navn.
Filmen har bl.a. Juliette Binoche, Johnny Depp, Judi Dench, Lena Olin og Alfred Molina på rollelisten
Plakaten har små huller i hjørner fra nåle.
Dansk biografpremiere  02.03.2001
","https://info.kinorevuen.dk/wp-content/uploads/2021/02/chocolat-plk-rotated.jpeg",62,85,150,0,"2023-01-30 04:06:47","2023-01-30 04:06:47"
2230,"Elizabeth","elizabeth","Elizabeth er en britisk historisk film fra 1998.  baseret på begivenhederne i dronning Elizabeth 1. af Englands regeringstid.
Filmen er instrueret af Shekhar Kapur og har Cate Blanchett i titelrollen som dronning Elizabeth.
Plakaten har små huller i hjørner fra nåle.
Dansk biografpremiere  15.01.1999
","https://info.kinorevuen.dk/wp-content/uploads/2021/02/elizabeth-pl-rotated.jpeg",62,85,70,1,"2023-01-30 04:06:47","2023-01-30 04:06:47"
2232,"Enken fra Saint-Pierre","enken-fra-saint-pierre","Canadisk, Fransk film af Patrice Leconte med Juliette Binoche, Daniel Auteuil og Emir Kusturica.
Plakaten har små huller i hjørner fra nåle.
Dansk biografpremiere  11.02.2001
","https://info.kinorevuen.dk/wp-content/uploads/2021/02/enken-fra-saint-p-plk-rotated.jpeg",62,85,70,1,"2023-01-30 04:06:47","2023-01-30 04:06:47"
2235,"Save the Last Dance","save-the-last-dance","Amerikansk teen-dance-film fra 2001
Plakaten har små huller i hjørner fra nåle.
Dansk biografpremiere  15.06.2001
","https://info.kinorevuen.dk/wp-content/uploads/2021/02/save-tld-rotated.jpeg",62,85,50,1,"2023-01-30 04:06:47","2023-01-30 04:06:47"
2239,"Kill Bill: Vol. 2","kill-bill-vol-2","Amerikansk kampsportfilm fra 2004 skrevet og instrueret af Quentin Tarantino.
Medvirkende: Uma Thurman &#8211; David Carradine &#8211; Michael Madsen &#8211; Daryl Hannah.
Plakaten har små huller i hjørner fra nåle.
Dansk biografpremiere  15.06.2001
","https://info.kinorevuen.dk/wp-content/uploads/2021/02/kill-2-pl-rotated.jpeg",62,85,225,1,"2023-01-30 04:06:47","2023-01-30 04:06:47"
2241,"Insomnia","insomnia","&#8216;Insomnia&#8217;  er en amerikansk thriller fra 2002, med Al Pacino, Hilary Swank og Robin Williams i store roller.
Filmen er instrueret af Christopher Nolan. Filmen er en genindspilning af den norske film af samme navn fra 1997.
Dansk biografpremiere  15.11.2002
","https://info.kinorevuen.dk/wp-content/uploads/2021/02/insomia-pl-rotated.jpeg",62,85,40,6,"2023-01-30 04:06:47","2023-01-30 04:06:47"
2243,"Garfield: The movie","garfield-the-movie","Garfield: The Movie er en film fra 2004 baseret på Jim Davis&#8217; tegneserie Garfield. 
Dansk biografpremiere  06.08.2004
","https://info.kinorevuen.dk/wp-content/uploads/2021/02/garfield-pl-rotated.jpeg",62,85,50,4,"2023-01-30 04:06:47","2023-01-30 04:06:47"
2245,"Daylight","daylight","Amerikansk action-thriller fra 1996 instrueret af Rob Cohen med Sylvester Stallone, Amy Brenneman, Viggo Mortensen, Dan Hedaya.
Plakaten har små huller i hjørner fra nåle.
Dansk biografpremiere  24.01.1997
","https://info.kinorevuen.dk/wp-content/uploads/2021/02/daylight-pl-rotated.jpeg",62,85,125,1,"2023-01-30 04:06:47","2023-01-30 04:06:47"
2247,"Hamsun","hamsun","Hamsun er en dansk-svensk-norsk-tysk film fra 1996, instrueret af Jan Troell. Filmen handler om den norske forfatter Knut Hamsun.
Plakaten har små huller i hjørner fra nåle.
Dansk biografpremiere  25.04.1996
","https://info.kinorevuen.dk/wp-content/uploads/2021/02/hamsun-pl-rotated.jpeg",62,85,70,3,"2023-01-30 04:06:47","2023-01-30 04:06:47"
2249,"Alle siger I Love You","alle-siger-i-love-you","Everyone Says I Love You er en amerikansk musikalsk komediefilm fra 1996 skrevet og instrueret af Woody Allen, der også spiller sammen med Julia Roberts, Alan Alda, Edward Norton, Drew Barrymore, Gaby Hoffmann, Tim Roth, Goldie Hawn, Natasha Lyonne og Natalie Portman. 
Plakaten har små huller i hjørner fra nåle.
Dansk biografpremiere  05.09.1997
","https://info.kinorevuen.dk/wp-content/uploads/2021/02/i-love-you-pl-rotated.jpeg",62,85,100,1,"2023-01-30 04:06:47","2023-01-30 04:06:47"
2251,"Emma","emma","Baseret på romanen 1815 med samme navn af Jane Austen. Filmene er skrevet og instrueret af Douglas McGrath.
Medvirkende: Gwyneth Paltrow, Alan Cumming, Toni Collette, Ewan McGregor og Jeremy Northam.
Plakaten har små huller i hjørner fra nåle.
Dansk biografpremiere  08.11.1996
","https://info.kinorevuen.dk/wp-content/uploads/2021/02/emma-rotated.jpeg",62,85,70,3,"2023-01-30 04:06:47","2023-01-30 04:06:47"
2253,"Daredevil","daredevil","&#8220;Daredevil&#8221; er en amerikansk superheltefilm fra 2003 instrueret og skrevet af Mark Steven Johnson. baseret på Marveltegneserien af samme navn.
Filmen har Ben Affleck i hovedrolle som Daredevil. Desuden spiller bl.a. Jennifer Garner og Colin Farrell med.
Plakaten har små huller i hjørner fra nåle.
Dansk biografpremiere 28.03.2003
","https://info.kinorevuen.dk/wp-content/uploads/2021/02/daredevil-plk-rotated.jpeg",62,85,110,3,"2023-01-30 04:06:47","2023-01-30 04:06:47"
2255,"Majorens oppasser","majorens-oppasser","Dansk komediefilm fra 1964 instrueret af Sven Methling og skrevet af Dirch Passer og Henrik Sandberg.
Medvirkende: Dirch Passer, Ove Sprogøe, Paul Hagen, Judy Gringer.
Dansk biografpremiere 14.02.1964
Plakaten har buk/folder.
Filmplakaten bliver sendt foldet ,som den også engang blev leveret til biografen.
Plakaten bliver sendt i kraftig kuvert
","https://info.kinorevuen.dk/wp-content/uploads/2021/02/majoren-rotated.jpeg",62,85,350,1,"2023-01-30 04:06:47","2023-01-30 04:06:47"
2257,"Seven","seven","Seven er en amerikansk thriller fra 1995, instrueret af David Fincher. En seriemorder dræber, eller får dræbt, personer ud fra de syv dødssynder.
Medvirkende: Brad Pitt, Morgan Freeman, Gwyneth Paltrow.
Plakaten har små huller i hjørner fra nåle.
Dansk biografpremiere  08.03.1996
","https://info.kinorevuen.dk/wp-content/uploads/2021/02/seven-2-plk-rotated.jpeg",62,85,120,2,"2023-01-30 04:06:47","2023-01-30 04:06:47"
2259,"All or Nothing","all-or-nothing","Engelsk dramafilm fra 2002 skrevet og instrueret af Mike Leigh med Timothy Spall og Lesley Manville i hovedrollen. 
Plakaten har små huller i hjørner fra nåle.
Dansk biografpremiere  01.11.2002
","https://info.kinorevuen.dk/wp-content/uploads/2021/02/all-or-n-plk-rotated.jpeg",62,85,70,1,"2023-01-30 04:06:47","2023-01-30 04:06:47"
2261,"Species","species","&#8220;Species&#8221; er en amerikansk science fiction-horrorfilm fra 1995 instrueret af Roger Donaldson og skrevet af Dennis Feldman.
Medvirkende: Natasha Henstridge, Ben Kingsley, Michael Madsen, Alfred Molina, Forest Whitaker og Marg Helgenberger.
Plakaten har små huller i hjørner fra nåle.
Dansk biografpremiere  10.11.1995
","https://info.kinorevuen.dk/wp-content/uploads/2021/02/species-pl-rotated.jpeg",62,85,100,1,"2023-01-30 04:06:47","2023-01-30 04:06:47"
2263,"Terkel i Knibe","terkel-i-knibe-2","Animationsfilmen &#8216;Terkel i knibe&#8217; er baseret på Anders Matthesens lyttespil af samme navn.
Plakaten har små huller i hjørner fra nåle.
Dansk biografpremiere  02.04.2004
","https://info.kinorevuen.dk/wp-content/uploads/2021/02/terkel-2-rotated.jpeg",62,85,200,0,"2023-01-30 04:06:47","2023-01-30 04:06:47"
2265,"Cast Away","cast-away","Instruktør Robert Zemeckis har kreeret en overbevisende moderne &#8220;Robinson Crusoe&#8221; beretning.
Medvirkende: Tom Hanks, Helen Hunt, Nick Searcy.
Plakaten har små huller i hjørner fra nåle.
Dansk biografpremiere  	19.01.2001
","https://info.kinorevuen.dk/wp-content/uploads/2021/02/cast-away-2-rotated.jpeg",62,85,70,2,"2023-01-30 04:06:47","2023-01-30 04:06:47"
2267,"Det Rige Liv","det-rige-liv","Komediefilm fra 1998, skrevet og instrueret af Kirk Jones og med Ian Bannen, David Kelly og Fionnula Flanagan.
Plakaten har små huller i hjørner fra nåle.
Dansk biografpremiere  	23.07.1999
","https://info.kinorevuen.dk/wp-content/uploads/2021/02/det-rige-lig-pl-rotated.jpeg",62,85,50,1,"2023-01-30 04:06:47","2023-01-30 04:06:47"
2269,"Three Kings","three-kings","&#8216;Three Kings&#8217; er historien om tre (George Clooney, Mark Wahlberg og Ice Cube) eventyrlystne, amerikanske soldater i Irak i tiden omkring Golfkrigens afslutning.
Plakaten har små huller i hjørner fra nåle.
Dansk biografpremiere  	03.03.2000
","https://info.kinorevuen.dk/wp-content/uploads/2021/02/three-kings-pl-rotated.jpeg",62,85,70,1,"2023-01-30 04:06:47","2023-01-30 04:06:47"
2271,"Jalla Jalla","jalla-jalla","Svensk komediefilm, instrueret af Josef Fares.
Medvirkende: Fares Fares, Torkel Petersson, Tuva Novotny og Laleh Pourkarim. 
Plakaten har små huller i hjørner fra nåle.
Dansk biografpremiere  	13.07.2001
","https://info.kinorevuen.dk/wp-content/uploads/2021/02/jalla-jalla-plk-rotated.jpeg",62,85,50,1,"2023-01-30 04:06:47","2023-01-30 04:06:47"
2273,"Den 8. Dag","den-8-dag","Belgisk komediedrama fra 1996, der fortæller historien om det venskab, der udvikles mellem to mænd, der mødes ved en tilfældighed.
Plakaten har små huller i hjørner fra nåle.
Dansk biografpremiere  	15.08.1997
","https://info.kinorevuen.dk/wp-content/uploads/2021/02/den-8-dag-rotated.jpeg",62,85,50,1,"2023-01-30 04:06:47","2023-01-30 04:06:47"
2275,"Barbara","barbara","Dansk film fra 1997 af Nils Malmros, hvor handlingen foregår på Færøerne. baseret på romanen Barbara fra 1939 af den færøske forfatter Jørgen-Frantz Jacobsen.
Medvirkende: Anneke von der Lippe, Lars Simonsen, Jens Okking, Trond Høvik.
Plakaten har flere små huller i hjørner fra nåle.
Dansk biografpremiere  	02.10.1997
","https://info.kinorevuen.dk/wp-content/uploads/2021/02/barbara-pl-rotated.jpeg",62,85,50,1,"2023-01-30 04:06:47","2023-01-30 04:06:47"
2277,"Starship Troopers","starship-troopers"," &#8216;Starship Troopers&#8217; foregår i en fjern fremtid, hvor jordens befolkning er i krig med en fremmed race &#8211; kæmpeinsekter 
Plakaten har flere små huller i hjørner fra nåle.
Dansk biografpremiere  	27.03.1998
","https://info.kinorevuen.dk/wp-content/uploads/2021/02/starship-troers-plk-rotated.jpeg",62,85,70,1,"2023-01-30 04:06:47","2023-01-30 04:06:47"
2279,"Stuart Little","stuart-little","Plakaten har flere små huller i hjørner fra nåle.
Dansk biografpremiere  	09.03.2000
","https://info.kinorevuen.dk/wp-content/uploads/2021/02/stuart-litt-rotated.jpeg",62,85,50,1,"2023-01-30 04:06:47","2023-01-30 04:06:47"
2281,"Minority Report","minority-report","Wahsington D. C., omkring år 2054. Teknologien gør det muligt at afsløre forbrydelser før de begås.
Medvirkende: Tom Cruise, Collin Farrell, Samantha Morton, Max von Sydow.
Instruktion: Steven Spielberg.
Plakaten har små huller i hjørner fra nåle.
Dansk biografpremiere  	09.08.2002
","https://info.kinorevuen.dk/wp-content/uploads/2021/02/miority-rep-pl-rotated.jpeg",62,85,60,0,"2023-01-30 04:06:47","2023-01-30 04:06:47"
2283,"In Love and War","in-love-and-war","Romantisk dramafilm fra 1996 baseret på bogen Hemingway in Love and War af Henry S. Villard og James Nagel.
Medvirkende: Sandra Bullock, Chris O&#8217;Donnell, Mackenzie Astin.
Instruktør: Richard Attenborough.
Dansk biografpremiere  	25.07.1997
","https://info.kinorevuen.dk/wp-content/uploads/2021/02/in-love-and-war-plk-rotated.jpeg",62,85,40,8,"2023-01-30 04:06:47","2023-01-30 04:06:47"
2286,"Vampyrenes Nat","vampyrenes-nat","Amerikansk film fra 1967 instrueret af Roman Polanski.
Dansk biografpremiere 19.08.1968
Plakaten har buk/folder.
Filmplakaten bliver sendt foldet ,som den også engang blev leveret til biografen.
Plakaten bliver sendt i kraftig kuvert
","https://info.kinorevuen.dk/wp-content/uploads/2021/02/vampyrenens-nat-rotated.jpeg",62,85,325,0,"2023-01-30 04:06:47","2023-01-30 04:06:47"
2288,"Django Renser Byen","django-renser-byen","Italiensk western fra 1967.
Medvirkende: George Eastman, Liana Orfei, Edwin G Ross.
Instruktør: Massimo Pupillo,  
Dansk biografpremiere 19.08.1968
Plakaten har buk/folder.
Filmplakaten bliver sendt foldet ,som den også engang blev leveret til biografen.
Plakaten bliver sendt i kraftig kuvert
","https://info.kinorevuen.dk/wp-content/uploads/2021/02/django-rb-plk-rotated.jpeg",62,85,325,0,"2023-01-30 04:06:47","2023-01-30 04:06:47"
2290,"Sømænd og Svigermødre","soemaend-og-svigermoedre","Sømænd og svigermødre er en dansk film fra 1962, instrueret af Bent Christensen efter manuskript af Arvid Müller og Solveig Ersgaard.
Medvirkende: Ove Sprogøe, Dirch Passer, Lone Hertz, Kjeld Petersen. 
Dansk biografpremiere 06.08.1962
Plakaten har buk/folder.
Filmplakaten bliver sendt foldet ,som den også engang blev leveret til biografen.
Plakaten bliver sendt i kraftig kuvert
","https://info.kinorevuen.dk/wp-content/uploads/2021/02/soemaeaend-rotated.jpeg",62,85,125,0,"2023-01-30 04:06:47","2023-01-30 04:06:47"
2292,"Sømænd i Knibe","soemaend-i-knibe","&#8220;Sømand i knibe&#8221; er en dansk film fra 1960. Manuskript Bob Ramsing. Instruktion Lau Lauritzen jun.
Medvirkende: Dirch Passer, Ghita Nørby, Ebbe Langberg, Ib Mossin, Judy Gringer, Otto Brandenburg. 
Dansk biografpremiere 19.09.1960
Plakaten har buk/folder.
Filmplakaten bliver sendt foldet ,som den også engang blev leveret til biografen.
Plakaten bliver sendt i kraftig kuvert
","https://info.kinorevuen.dk/wp-content/uploads/2021/02/soemand-i-knibe-rotated.jpeg",62,85,125,0,"2023-01-30 04:06:47","2023-01-30 04:06:47"
2294,"I Forreste Linie","i-forreste-linie","Amerikansk krigsfilm fra 1967 med Chad Everett, Marilyn Devin.
Dansk biografpremiere 26.12.1967
Plakaten har buk/folder.
Filmplakaten bliver sendt foldet ,som den også engang blev leveret til biografen.
Plakaten bliver sendt i kraftig kuvert
","https://info.kinorevuen.dk/wp-content/uploads/2021/02/i-foreste-li-plk-rotated.jpeg",62,85,375,1,"2023-01-30 04:06:47","2023-01-30 04:06:47"
2298,"Texas Desperados","texas-desperados","Amerikansk western fra 1963.
Medvirkende: Brian Keith, Robert Culp, Judi Meredith.
Dansk biografpremiere 30.08.1965
Plakaten har buk/folder.
Filmplakaten bliver sendt foldet ,som den også engang blev leveret til biografen.
Plakaten bliver sendt i kraftig kuvert
","https://info.kinorevuen.dk/wp-content/uploads/2021/02/texas-desp-plk-rotated.jpeg",62,85,175,1,"2023-01-30 04:06:47","2023-01-30 04:06:47"
2300,"Dead Man Walking","dead-man-walking","Amerikansk drama fra 1995, instrueret af Tim Robbins.
Filmen har Susan Sarandon i hovedrollen, hvilket hun fik Oscar for bedste kvindelige hovedrolle for i 1995.
Medvirkende: Susan Sarandon, Sean Penn, Robert Prosky
Plakaten har små huller i hjørner fra nåle.
Dansk biografpremiere  12.04.1996
","https://info.kinorevuen.dk/wp-content/uploads/2021/02/dead-pl-rotated.jpeg",62,85,70,2,"2023-01-30 04:06:47","2023-01-30 04:06:47"
2303,"Hund og Kat imellem","hund-og-kat-imellem","Amerikansk spion action-komedie film fra 2001.
Filmen blev instrueret af Lawrence Guterman med manuskript af John Requa og Glenn Ficarra.
Plakaten har små huller i hjørner fra nåle.
Dansk biografpremiere  24.08.2001
","https://info.kinorevuen.dk/wp-content/uploads/2021/02/hund-og-plk-rotated.jpeg",62,85,50,1,"2023-01-30 04:06:47","2023-01-30 04:06:47"
2305,"Frida","frida","Filmen, som Salma Hayek har kæmpet længe og indædt for, skildrer Frida Kahlos begivenhedsrige liv, som ikke blev mindre kedeligt af hendes seksuelle orientering.
Plakaten har små huller i hjørner fra nåle.
Dansk biografpremiere  25.12.2002
","https://info.kinorevuen.dk/wp-content/uploads/2021/02/frida-rotated.jpeg",62,85,70,0,"2023-01-30 04:06:47","2023-01-30 04:06:47"
2307,"Tegnet","tegnet","The Omen er en amerikansk horrorfilm fra 1976 instrueret af Richard Donner.
I hovedrollerne ses Gregory Peck, Lee Remick, David Warner, Harvey Stephens, Billie Whitelaw, Patrick Troughton, Martin Benson og Leo McKern.
Dansk biografpremiere 06.11.1976
Plakaten har buk/folder samt flere små huller i hjørner fra nåle.
Filmplakaten bliver sendt foldet, som den også engang blev leveret til biografen.
Plakaten bliver sendt i kraftig kuvert.
","https://info.kinorevuen.dk/wp-content/uploads/2021/02/tegnet-rotated.jpeg",62,85,300,1,"2023-01-30 04:06:47","2023-01-30 04:06:47"
2309,"Dr Terror","dr-terror-2","Engelsk horrorfilm fra 1965 fra Amicus Productions, instrueret af veteran horror director Freddie Francis, skrevet af Milton Subotsky, og med Peter Cushing og Christopher Lee i hovedrollen.
Dansk biografpremiere 14.02.1966
Plakaten har buk/folder samt små huller i hjørner fra nåle.
Filmplakaten bliver sendt foldet ,som den også engang blev leveret til biografen.
Plakaten bliver sendt i kraftig kuvert.
","https://info.kinorevuen.dk/wp-content/uploads/2021/02/dr-terror-et-maridt-af-mystik-rotated.jpeg",62,85,600,1,"2023-01-30 04:06:47","2023-01-30 04:06:47"
2310,"Thomas Crown Affæren","thomas-crown-affaeren","Amerikansk romantisk thrillerfilm fra 1999 instrueret af John McTiernan, skrevet af Leslie Dixon og Kurt Wimmer.
Plakaten har små huller i hjørner fra nåle.
Dansk biografpremiere  27.08.1999
","https://info.kinorevuen.dk/wp-content/uploads/2021/02/thomas-c-plk-rotated.jpeg",62,85,70,1,"2023-01-30 04:06:47","2023-01-30 04:06:47"
2312,"Maverick","maverick","Amerikansk western komediefilm, fra 1994 instrueret og produceret af Richard Donner.
Medvirkende Mel Gibson, Jodie Foster og James Garner.
Filmen er baseret på tv-serien Maverick fra 1957-1962. Maverick var nomineret til en Oscar for bedste kostumer.
Plakaten har buk/folder samt flere små huller i hjørner fra nåle.
Dansk biografpremiere 06.11.1976
","https://info.kinorevuen.dk/wp-content/uploads/2021/02/maverick-plk-rotated.jpeg",62,85,125,1,"2023-01-30 04:06:47","2023-01-30 04:06:47"
2314,"Olsen Banden´s  Sidste Stik","olsen-bandens-sidste-stik","&#8216;Olsen-bandens sidste stik&#8217; er den 14. og sidste film i serien af danske folkekomedier.
Plakaten har små huller i hjørner fra nåle.
Dansk biografpremiere 18.12.1998
","https://info.kinorevuen.dk/wp-content/uploads/2021/02/olsen-bande-sid-plk-rotated.jpeg",62,85,125,0,"2023-01-30 04:06:47","2023-01-30 04:06:47"
2316,"Årgang 1984","aargang-1984","Amerikansk action/thriller instrueret af Mark L. Lester.
Medvirkende:Perry King, Lisa Langlois, Stefan Arngrim, Michael J. Fox. 
Plakaten har små huller i hjørner fra nåle.
Dansk biografpremiere 	22.11.1982
","https://info.kinorevuen.dk/wp-content/uploads/2021/03/argang-1984-pl-rotated.jpeg",62,85,150,1,"2023-01-30 04:06:47","2023-01-30 04:06:47"
2319,"The Lost World: Jurassic Park","the-lost-world-jurassic-park","Amerikansk adventure film fra 1997, instrueret af Steven Spielberg og baseret på en roman af Michael Crichton.
Dansk biografpremiere 19.09.1997
","https://info.kinorevuen.dk/wp-content/uploads/2021/03/the-lost-w-plk-rotated.jpeg",62,85,70,2,"2023-01-30 04:06:47","2023-01-30 04:06:47"
2321,"Kundun","kundun","Amerikansk biografisk film fra 1997 instrueret af Martin Scorsese.
Filmen handler om Dalai Lama, det tibetanske folks åndelige leder.
Plakaten har små huller i hjørner fra nåle.
Dansk biografpremiere 31.07.1998
","https://info.kinorevuen.dk/wp-content/uploads/2021/03/kundun-pl-rotated.jpeg",62,85,70,1,"2023-01-30 04:06:47","2023-01-30 04:06:47"
2324,"Midt om Natten","midt-om-natten","Dansk film fra 1984, instrueret af Erik Balling, og er den 7. mest sete danske film nogensinde. Filmen er især kendt for sin røde politiske synsvinkel, og sange der blev skrevet og spillet af Kim Larsen, der blev belønnet med en Robert.
Medvirkende: Kim Larsen, Erik Clausen, Birgitte Raaberg, Holger Boland.
Instruktør: Erik Balling.
Dansk biografpremiere  09.03.1984
Plakaten har buk/folder samt små huller i hjørner fra nåle.
Filmplakaten bliver sendt foldet ,som den også engang blev leveret til biografen.
Plakaten bliver sendt i kraftig kuvert.
","https://info.kinorevuen.dk/wp-content/uploads/2021/03/image0.jpeg",62,85,1500,1,"2023-01-30 04:06:47","2023-01-30 04:06:47"
2328,"The Score","the-score","Amerikansk film fra 2001 instrueret af Frank Oz og med Robert De Niro, Edward Norton, Angela Bassett og Marlon Brando i hans sidste filmrolle. 
Dansk biografpremiere 16.11.2001
","https://info.kinorevuen.dk/wp-content/uploads/2021/03/image0-2-rotated.jpeg",62,85,50,0,"2023-01-30 04:06:47","2023-01-30 04:06:47"
2329,"Heftig og Begejstret","heftig-og-begejstret","Varm film om et standhaftigt mandskor, der synger, så nordlyset danser.
Dansk biografpremiere 02.11.2001
","https://info.kinorevuen.dk/wp-content/uploads/2021/03/hef-plk.jpeg",60,84,70,1,"2023-01-30 04:06:47","2023-01-30 04:06:47"
2330,"Den Korte Sommer","den-korte-sommer","&#8220;Den korte sommer&#8221; er en dansk film fra 1976. Den fortæller historien om en &#8220;feltmadras&#8221;, der under besættelsen blev forelsket i en tysk soldat.
Filmen er indspillet i Hjørring i Nordjylland.
Medvirkende: Ghita Nørby, Casper Bjørk, Bo Jeppesen, Henning Jensen.
Instruktør: Edward Fleming.
Dansk biografpremiere 23.01.1976
Plakaten har buk/folder samt små huller i hjørner fra nåle.
Filmplakaten bliver sendt foldet ,som den også engang blev leveret til biografen.
Plakaten bliver sendt i kraftig kuvert.
","https://info.kinorevuen.dk/wp-content/uploads/2021/03/image0-1-rotated.jpeg",62,85,150,1,"2023-01-30 04:06:47","2023-01-30 04:06:47"
2331,"Forbrydelsens Element","forbrydelsens-element","&#8220;Forbrydelsens element&#8221; er den danske instruktør Lars von Triers debutfilm fra 1984.
Dansk biografpremiere 14.05.1984
Plakaten har buk/folder.
Filmplakaten bliver sendt foldet ,som den også engang blev leveret til biografen.
Plakaten bliver sendt i kraftig kuvert.
","https://info.kinorevuen.dk/wp-content/uploads/2021/03/b-plk.jpg",62,85,350,1,"2023-01-30 04:06:47","2023-01-30 04:06:47"
2333,"Taxi","taxi","Fransk action-komedie film fra 1998 med Samy Naceri i hovedrollen. skrevet af Luc Besson og instrueret af Gérard Pirès. 
Dansk biografpremiere 25.12.1998
","https://info.kinorevuen.dk/wp-content/uploads/2021/03/taxi-rotated.jpeg",62,85,100,2,"2023-01-30 04:06:47","2023-01-30 04:06:47"
2339,"Ved Kongelunden","ved-kongelunden","Dansk film fra 1953.
Medvirkende: Ove Sprogøe, Dirch Passer, Ib Schønberg, Henry Nielsen, Inger Lassen, Buster Larsen, Kate Mundt, Louis Miehe-Renard.
Instruktør: Poul Bang.
Dansk biografpremiere 16.10.1953
Plakaten har buk/folder samt taperester og små huller i hjørner fra nåle.
Filmplakaten bliver sendt foldet ,som den også engang blev leveret til biografen.
Plakaten bliver sendt i kraftig kuvert.
","https://info.kinorevuen.dk/wp-content/uploads/2021/03/ved-kongelunden-plk-rotated.jpeg",62,85,350,1,"2023-01-30 04:06:47","2023-01-30 04:06:47"
2341,"Once Upon a Time in Mexico","once-upon-a-time-in-mexico","Amerikansk/mexicansk action film fra 2003, instrueret af Robert Rodriguez.
I hovedrollerne medvirker Antonio Banderas, Johnny Depp, Salma Hayek, Willem Dafoe, Enrique Iglesias, Mickey Rourke og Eva Mendes.
Dansk biografpremiere 16.01.2004
","https://info.kinorevuen.dk/wp-content/uploads/2021/03/once-upl-rotated.jpeg",62,85,100,1,"2023-01-30 04:06:47","2023-01-30 04:06:47"
2343,"Historien om Martin Guerre","historien-om-martin-guerre","Drama udspillet i det 16. århundredes Frankrig &#8211; om kærlighed og retfærdighed i en verden, der nødig vil vide af nogen af delene.	
Medvirkende: Gérard Depardieu, Nathalie Baye, Roger Planchon, Maurice Barrier.
Dansk biografpremiere 15.10.1982
Plakaten har buk/folder samt små huller i hjørner fra nåle.
Filmplakaten bliver sendt foldet ,som den også engang blev leveret til biografen.
Plakaten bliver sendt i kraftig kuvert.
","https://info.kinorevuen.dk/wp-content/uploads/2021/03/hist-pl-rotated.jpeg",61,84,100,1,"2023-01-30 04:06:47","2023-01-30 04:06:47"
2345,"Elsker dig for Evigt","elsker-dig-for-evigt","Dansk dogmefilm fra 2002, instrueret af Susanne Bier.
Dansk biografpremiere  06.09.2002
","https://info.kinorevuen.dk/wp-content/uploads/2021/03/elsker-dfealk.jpg",62,85,70,1,"2023-01-30 04:06:47","2023-01-30 04:06:47"
2347,"High Fidelity","high-fidelity","Amerikansk film fra 2000, instrueret af Stephen Frears efter Nick Hornbys roman af samme navn. Den har John Cusack og Iben Hjejle i hovedrollerne.
Dansk biografpremiere  01.06.2000
","https://info.kinorevuen.dk/wp-content/uploads/2021/03/high-f-rotated.jpeg",62,85,70,1,"2023-01-30 04:06:47","2023-01-30 04:06:47"
2348,"Bag Facaden","bag-facaden","Amerikansk horror-thriller-film, instrueret af Robert Zemeckis og med Harrison Ford og Michelle Pfeiffer i hovedrollen.
Dansk biografpremiere  13.10.2000
","https://info.kinorevuen.dk/wp-content/uploads/2021/03/bag-f-rotated.jpeg",62,85,70,1,"2023-01-30 04:06:47","2023-01-30 04:06:47"
2349,"Livsfarlig Frekvens","livsfarlig-frekvens","Amerikansk science fiction-thriller  med Dennis Quaid og Jim Caviezel i hovedrollen. 
Dansk biografpremiere  01.03.2000
","https://info.kinorevuen.dk/wp-content/uploads/2021/03/lff-rotated.jpeg",62,85,50,1,"2023-01-30 04:06:47","2023-01-30 04:06:47"
2350,"The Last Castle","the-last-castle","Amerikansk action-drama fra 2001 instrueret af Rod Lurie.
Medvirkende: Robert Redford, James Gandolfini, Mark Ruffalo og Delroy Lindo.
Dansk biografpremiere  07.06.2002
","https://info.kinorevuen.dk/wp-content/uploads/2021/03/tlc-rotated.jpeg",62,85,50,4,"2023-01-30 04:06:47","2023-01-30 04:06:47"
2351,"The Italian Job","the-italian-job","&#8216;The Italien Job&#8217; er en genindspilning af den britiske film fra 1969.
Medvirkende: Mark Wahlberg, Charlize Theron, Edward Norton, Jason Statham, Seth Green, Mos Def og Donald Sutherland.
Dansk biografpremiere  08.08.2003
","https://info.kinorevuen.dk/wp-content/uploads/2021/03/italienjob.jpg",62,85,50,4,"2023-01-30 04:06:47","2023-01-30 04:06:47"
2354,"Zappa","zappa","Dansk ungdomsfilm fra 1983 baseret på manuskript af Bjarne Reuter og instrueret af Bille August.
Dansk biografpremiere 	04.03.1983
Plakaten har buk/folder samt og små huller i hjørner fra nåle.
Filmplakaten bliver sendt foldet ,som den også engang blev leveret til biografen.
Plakaten bliver sendt i kraftig kuvert.
","https://info.kinorevuen.dk/wp-content/uploads/2021/03/za-rotated.jpeg",62,85,150,0,"2023-01-30 04:06:47","2023-01-30 04:06:47"
2355,"Forræderne","forraederne","Dansk film fra 1983. Manuskript Ole Roos efter roman af Erik Aalbæk Jensen. Instruktion Ole Roos.
Medvirkende: Allan Olsen, Ole Meyer,  Sanne Salomonsen,  Frank Visti, Baard Owe, Lisbet Dahl, Thomas Eje, Ole Thestrup, Esper Hagen. 
Dansk biografpremiere 	31.10.1983
Plakaten har buk/folder samt og små huller i hjørner fra nåle.
Filmplakaten bliver sendt foldet ,som den også engang blev leveret til biografen.
Plakaten bliver sendt i kraftig kuvert.
","https://info.kinorevuen.dk/wp-content/uploads/2021/03/forr-rotated.jpeg",62,85,150,1,"2023-01-30 04:06:47","2023-01-30 04:06:47"
2356,"Punkt 22","punkt-22","&#8220;Punkt 22&#8221; er en amerikansk satirisk krigsfilm fra 1970 instrueret af Mike Nichols. Filmen er baseret på Joseph Hellers roman af samme navn.
Dansk biografpremiere 	13.08.1971
Plakaten har buk/folder samt og små huller i hjørner fra nåle.
Filmplakaten bliver sendt foldet ,som den også engang blev leveret til biografen.
Plakaten bliver sendt i kraftig kuvert.
","https://info.kinorevuen.dk/wp-content/uploads/2021/03/22-rotated.jpeg",62,85,275,1,"2023-01-30 04:06:47","2023-01-30 04:06:47"
2357,"H  . Andersen og den Skæve Skygge","h-andersen-og-den-skaeve-skygge","&#8220;H.C. Andersen og den skæve skygge&#8221; er en film instrueret af Jannik Hastrup efter manuskript af Bent Haller.
Dansk biografpremiere  16.01.1998
","https://info.kinorevuen.dk/wp-content/uploads/2021/03/hc-rotated.jpeg",62,85,50,1,"2023-01-30 04:06:47","2023-01-30 04:06:47"
2358,"Spy Game","spy-game","Amerikansk spionfilm fra 2001 instrueret af Tony Scott og med Robert Redford og Brad Pitt i hovedrollerne.
Dansk biografpremiere  25.01.2002
","https://info.kinorevuen.dk/wp-content/uploads/2021/03/spy-rotated.jpeg",62,85,50,1,"2023-01-30 04:06:47","2023-01-30 04:06:47"
2359,"Hannah og Hendes Søstre","hannah-og-hendes-soestre","&#8220;Hannah and Her Sisters&#8221; er husket som én af Woody Allens bedste romantiske komedier, selvom instruktøren selv har indrømmet, at han var langt fra tilfreds med filmen.
Dansk biografpremiere 	26.09.1986
Plakaten har buk/folder samt og små huller i hjørner fra nåle.
Filmplakaten bliver sendt foldet ,som den også engang blev leveret til biografen.
Plakaten bliver sendt i kraftig kuvert.
","https://info.kinorevuen.dk/wp-content/uploads/2021/03/hos-rotated.jpeg",62,85,150,1,"2023-01-30 04:06:47","2023-01-30 04:06:47"
2361,"Tre Piger fra Jylland","tre-piger-fra-jylland","Dansk film fra 1957, instrueret af Annelise Reenberg.
Medvirkende: Birgit Sadolin, Ulla Lock, Annemette Svendsen, Emil Hass Christensen.
Dansk biografpremiere  11.03.1957
Plakaten har buk/folder samt og små huller i hjørner fra nåle.
Filmplakaten bliver sendt foldet ,som den også engang blev leveret til biografen.
Plakaten bliver sendt i kraftig kuvert.
","https://info.kinorevuen.dk/wp-content/uploads/2021/03/3-p-rotated.jpeg",62,85,150,0,"2023-01-30 04:06:47","2023-01-30 04:06:47"
2362,"Anders Ands Humørpiller","anders-ands-humoerpiller","Plakaten har buk/folder samt og små huller i hjørner fra nåle.
Filmplakaten bliver sendt foldet ,som den også engang blev leveret til biografen.
Plakaten bliver sendt i kraftig kuvert.
","https://info.kinorevuen.dk/wp-content/uploads/2021/03/and-h-rotated.jpeg",62,85,325,0,"2023-01-30 04:06:47","2023-01-30 04:06:47"
2364,"Chicago Ekspressen","chicago-ekspressen","Amerikansk komedie-thriller-film fra 1976. instrueret af Arthur Hiller
Medvirkende: Gene Wilder, Jill Clayburgh og Richard Pryor.
Dansk biografpremiere  14.03.1977
Plakaten har buk/folder samt og små huller i hjørner fra nåle.
Filmplakaten bliver sendt foldet ,som den også engang blev leveret til biografen.
Plakaten bliver sendt i kraftig kuvert.
","https://info.kinorevuen.dk/wp-content/uploads/2021/03/che-rotated.jpeg",62,85,150,0,"2023-01-30 04:06:47","2023-01-30 04:06:47"
2378,"Vestens Vildkatte","vestens-vildkatte","Dansk biografpremiere 07.04.1972
Plakaten har buk/folder.
Filmplakaten bliver sendt foldet ,som den også engang blev leveret til biografen.
Plakaten bliver sendt i kraftig kuvert
","https://info.kinorevuen.dk/wp-content/uploads/2021/03/vv-rotated.jpeg",62,85,225,0,"2023-01-30 04:06:47","2023-01-30 04:06:47"
2380,"Nevada Smith","nevada-smith","Dansk biografpremiere 16.03.1967
Plakaten har buk/folder samt små huller i hjørner fra nåle.
Filmplakaten bliver sendt foldet ,som den også engang blev leveret til biografen.
Plakaten bliver sendt i kraftig kuvert.
","https://info.kinorevuen.dk/wp-content/uploads/2021/03/nevada-smith-rotated.jpeg",62,85,375,1,"2023-01-30 04:06:47","2023-01-30 04:06:47"
2382,"Brug Næverne Gringo","brug-naeverne-gringo","Dansk biografpremiere 31.07.1967
Plakaten har buk/folder samt taperester og små huller i hjørner fra nåle.
Lille Kant afrevet, i verste venstre side
Filmplakaten bliver sendt foldet ,som den også engang blev leveret til biografen.
Plakaten bliver sendt i kraftig kuvert.
","https://info.kinorevuen.dk/wp-content/uploads/2021/03/bng-rotated.jpeg",62,85,300,1,"2023-01-30 04:06:47","2023-01-30 04:06:47"
2385,"My Little Eye","my-little-eye","&#8220;My Little Eye&#8221; er en britisk horrorfilm fra 2002 instrueret af Marc Evans
Dansk biografpremiere  13.06.2003
","https://info.kinorevuen.dk/wp-content/uploads/2021/03/my-little-eye-rotated.jpeg",62,85,70,1,"2023-01-30 04:06:47","2023-01-30 04:06:47"
2387,"7 Mænd Sejrer","7-maend-sejrer","Dansk biografpremiere 31.07.1967
Plakaten har buk/folder samt små huller i hjørner fra nåle.
Filmplakaten bliver sendt foldet ,som den også engang blev leveret til biografen.
Plakaten bliver sendt i kraftig kuvert.
","https://info.kinorevuen.dk/wp-content/uploads/2021/03/7-m-rotated.jpeg",62,85,400,1,"2023-01-30 04:06:47","2023-01-30 04:06:47"
2391,"Marvin´s  Room","marvins-room","Amerikansk film fra 1996 instrueret af Jerry Zaks. Filmen er baseret på skuespillet af samme navn, som er skrevet af Scott McPherson. I filmens hovedroller spiller Meryl Streep, Diane Keaton, Robert De Niro og Leonardo DiCaprio.
Dansk biografpremiere  01.08.1997
","https://info.kinorevuen.dk/wp-content/uploads/2021/03/marvin-rotated.jpeg",62,85,110,1,"2023-01-30 04:06:47","2023-01-30 04:06:47"
2393,"Gran Torino","gran-torino","Amerikansk dramafilm fra 2008 produceret og instrueret af Clint Eastwood. Han spiller selv hovedrollen
Dansk biografpremiere  17.04.2009
","https://info.kinorevuen.dk/wp-content/uploads/2021/03/gran-torino-rotated.jpeg",62,85,125,0,"2023-01-30 04:06:47","2023-01-30 04:06:47"
2397,"8 Skrappe Drenge","8-skrappe-drenge","&#8220;8 Skrappe Drenge&#8221; (The Devil&#8217;s 8)  er en film fra 1969 fra American International Pictures. En føderal agent rekrutterer seks straffefanger.
Dansk biografpremiere 1970
Plakaten har buk/folder samt små huller i hjørner fra nåle.
Filmplakaten bliver sendt foldet ,som den også engang blev leveret til biografen.
Plakaten bliver sendt i kraftig kuvert.
","https://info.kinorevuen.dk/wp-content/uploads/2021/03/8-sd-rotated.jpeg",62,85,150,1,"2023-01-30 04:06:47","2023-01-30 04:06:47"
2399,"Danton","danton","Fransk film fra 1983, der viser de sidste uger af Georges Danton, en af ​​lederne af den franske revolution. 
Dansk biografpremiere 10.11.1983
Plakaten har buk/folder samt små huller i hjørner fra nåle.
Filmplakaten bliver sendt foldet ,som den også engang blev leveret til biografen.
Plakaten bliver sendt i kraftig kuvert.
","https://info.kinorevuen.dk/wp-content/uploads/2021/03/danton-rotated.jpeg",62,85,100,1,"2023-01-30 04:06:47","2023-01-30 04:06:47"
2401,"Stjålne Timer","stjaalne-timer","Britisk-amerikansk dramafilm fra 1963 instrueret af Daniel Petrie, med Susan Hayward i hovedrollen.
Dansk biografpremiere 02.10.1963
Plakaten har buk/folder samt små huller i hjørner fra nåle.
Filmplakaten bliver sendt foldet ,som den også engang blev leveret til biografen.
Plakaten bliver sendt i kraftig kuvert.
","https://info.kinorevuen.dk/wp-content/uploads/2021/03/stj-timer-rotated.jpeg",62,85,125,1,"2023-01-30 04:06:47","2023-01-30 04:06:47"
2403,"Fornuft og Følelse","fornuft-og-foelelse","Dramafilm fra 1995 instrueret af Ang Lee og baseret på Jane Austens 1811-roman med samme navn. Emma Thompson skrev manuskriptet og spillede rollen som Elinor Dashwood, mens Kate Winslet spiller Elinors yngre søster Marianne.
Dansk biografpremiere  01.03.1996
Plakaten har små huller i hjørner fra nåle.
","https://info.kinorevuen.dk/wp-content/uploads/2021/03/fornuft-of-rotated.jpeg",62,85,75,1,"2023-01-30 04:06:47","2023-01-30 04:06:47"
2405,"Strømer","stroemer","Strømer er en dansk dramafilm fra 1976 instrueret af Anders Refn, der også har bidraget til manuskriptet. I den dominerende hovedrolle ses Jens Okking, der fik en Bodil for bedste hovedrolle for sin præstation. Filmen blev efterfulgt af tv-serien &#8220;Een gang strømer&#8221; i 1987.
Dansk biografpremiere  29.10.1976
Plakaten har buk/folder samt og små huller i hjørner fra nåle.
Filmplakaten bliver sendt foldet ,som den også engang blev leveret til biografen.
Plakaten bliver sendt i kraftig kuvert.
","https://info.kinorevuen.dk/wp-content/uploads/2021/03/stroemer-rotated.jpeg",62,85,175,1,"2023-01-30 04:06:47","2023-01-30 04:06:47"
2407,"Grev Axel","grev-axel","Dansk komediefilm fra 2001. Manuskript er af Anders Thomas Jensen og instruktion af Søren Fauli.
Medvirkende: Peter Frödin, Sofie Gråbøl, Nicolaj Kopernikus, Lasse Lunderskov.
Dansk biografpremiere  06.04.2001
Plakaten har små huller i hjørner fra nåle.
","https://info.kinorevuen.dk/wp-content/uploads/2021/03/grev-ax-rotated.jpeg",62,85,70,0,"2023-01-30 04:06:47","2023-01-30 04:06:47"
2409,"Edtv","edtv","Amerikansk komediefilm fra 1999 instrueret og produceret af Ron Howard og har Matthew McConaughey, Jenna Elfman, Woody Harrelson, Ellen DeGeneres, Martin Landau, Rob Reiner, Sally Kirkland, Elizabeth Hurley, Clint Howard and Dennis Hopper på rollelisten. 
Dansk biografpremiere  06.08.1999
Plakaten har små huller i hjørner fra nåle.
","https://info.kinorevuen.dk/wp-content/uploads/2021/03/image0-2-1-rotated.jpeg",62,85,70,3,"2023-01-30 04:06:47","2023-01-30 04:06:47"
2411,"El Dorado","el-dorado","Amerikansk film fra 1966. produceret og instrueret af Howard Hawks med John Wayne og Robert Mitchum i hovedrollerne. 
Dansk biografpremiere 12.06.1967
Plakaten har buk/folder samt små huller i hjørner fra nåle.
Filmplakaten bliver sendt foldet ,som den også engang blev leveret til biografen.
Plakaten bliver sendt i kraftig kuvert.
Bemærk!
Program til denne film er på lager. se kategori: Filmprogrammer.
","https://info.kinorevuen.dk/wp-content/uploads/2021/03/el-dorado-rotated.jpeg",62,85,900,1,"2023-01-30 04:06:47","2023-01-30 04:06:47"
2413,"El Dorado  (Film Program)","el-dorado-kopier","Dansk biografpremiere 12.06.1967
","https://info.kinorevuen.dk/wp-content/uploads/2021/03/ed1-rotated.jpeg",11,16,125,1,"2023-01-30 04:06:47","2023-01-30 04:06:47"
2421,"Soldier Blue","soldier-blue","Amerikansk western fra 1970, instrueret af Ralph Nelson.
Medvirkende: Candice Bergen, Peter Strauss og Donald Pleasence.
Dansk biografpremiere 26.12.1970
Plakaten har buk/folder samt små huller i hjørner fra nåle.
Filmplakaten bliver sendt foldet ,som den også engang blev leveret til biografen.
Plakaten bliver sendt i kraftig kuvert.
","https://info.kinorevuen.dk/wp-content/uploads/2021/03/soldier-b-rotated.jpeg",62,85,800,1,"2023-01-30 04:06:47","2023-01-30 04:06:47"
2424,"Pianisten","pianisten","Fransk dramafilm fra 2001, skrevet og instrueret af Michael Haneke.
Medvirkende: Isabelle Huppert, Annie Girardot, Benoît Magimel.
Dansk biografpremiere  	03.05.2002
Plakaten har små huller i hjørner fra nåle.
","https://info.kinorevuen.dk/wp-content/uploads/2021/03/pianisten-rotated.jpeg",62,85,50,1,"2023-01-30 04:06:47","2023-01-30 04:06:47"
2427,"Asterix og Obelix i kamp mod Cæsar","asterix-og-obelix-i-kamp-mod-caesar","Fransk film fra 1999, instrueret af Claude Zidi.
Dansk biografpremiere  	15.10.1999
Plakaten har små huller i hjørner fra nåle.
","https://info.kinorevuen.dk/wp-content/uploads/2021/03/asterix-og-o-rotated.jpeg",62,85,50,1,"2023-01-30 04:06:47","2023-01-30 04:06:47"
2442,"Assassins - lejemordere","assassins-lejemordere","Amerikansk action-thrillerfilm fra 1995 instrueret af Richard Donner.
Medvirkende: Sylvester Stallone, Julianne Moore, Antonio Banderas.
Dansk biografpremiere 15.12.1995
Plakaten er lidt slidt i kanterne. og har små huller i hjørner fra nåle.
","https://info.kinorevuen.dk/wp-content/uploads/2021/03/assassins-rotated.jpeg",62,85,125,1,"2023-01-30 04:06:47","2023-01-30 04:06:47"
2444,"The Pillow Book","the-pillow-book","Amerikansk action-thrillerfilm fra 1995 instrueret af Richard Donner.
Manuskript og Instruktør: Peter Greenaway
Medvirkende: Ewan McGregor, Vivian Wu, Yoshi Oida.
Dansk biografpremiere 10.01.1997
Plakaten er lidt slidt i kanterne. og har små huller i hjørner fra nåle.
","https://info.kinorevuen.dk/wp-content/uploads/2021/03/the-pillow-b-rotated.jpeg",62,85,70,1,"2023-01-30 04:06:47","2023-01-30 04:06:47"
2446,"I Kongens Klæ´r","kampen-om-den-roede-ko-teaser","&#8220;I kongens klæ&#8217;r&#8221; er en dansk komediefilm fra 1954 instrueret af Poul Bang og skrevet af John Olsen, der også var producer. Filmen var den første i de såkaldte soldaterfarcer, der senere mundede ud i de folkekære film om soldaterkammeraterne.
Medvirkende: Dirch Passer, Bodil Steen, Ove Sprogøe, Kjeld Petersen, Erni Arneson, Elsebet Knudsen, Louis Miehe-Renard.
Dansk biografpremiere 	24.09.1954
Plakaten har buk/folder samt små huller i hjørner fra nåle.
Filmplakaten bliver sendt foldet ,som den også engang blev leveret til biografen.
Plakaten bliver sendt i kraftig kuvert.
","https://info.kinorevuen.dk/wp-content/uploads/2021/03/i-kongens-klaeer-rotated.jpeg",62,85,375,1,"2023-01-30 04:06:47","2023-01-30 04:06:47"
2448,"Officer og Gentleman","officer-og-gentleman","Amerikansk romantisk dramafilm fra 1982 instrueret af Taylor Hackford og med Richard Gere og Debra Winger i hovedrollerne.
Dansk biografpremiere 	11.02.1983
Plakaten har buk/folder samt små huller i hjørner fra nåle.
Filmplakaten bliver sendt foldet ,som den også engang blev leveret til biografen.
Plakaten bliver sendt i kraftig kuvert.
","https://info.kinorevuen.dk/wp-content/uploads/2021/03/officer-og-gentleman-rotated.jpeg",62,85,250,1,"2023-01-30 04:06:47","2023-01-30 04:06:47"
2450,"Down by Law","down-by-law","Amerikansk film fra 1986 skrevet og instrueret af Jim Jarmusch og med Tom Waits, John Lurie og Roberto Benigni i hovedrollen.
Dansk biografpremiere 	30.01.1987
Plakaten har buk/folder samt små huller i hjørner fra nåle.
Filmplakaten bliver sendt foldet ,som den også engang blev leveret til biografen.
Plakaten bliver sendt i kraftig kuvert.
","https://info.kinorevuen.dk/wp-content/uploads/2021/03/down-by-law-rotated.jpeg",62,85,400,1,"2023-01-30 04:06:47","2023-01-30 04:06:47"
2452,"Tro, Håb og Kærlighed","tro-haab-og-kaerlighed","&#8220;Tro, håb og kærlighed&#8221; er en dansk film fra 1984, instrueret af Bille August efter Bjarne Reuters roman Når snerlen blomstrer. Filmen er en efterfølger til Zappa. 
Dansk biografpremiere 	26.12.1984
Plakaten har buk/folder samt små huller i hjørner fra nåle.
Filmplakaten bliver sendt foldet ,som den også engang blev leveret til biografen.
Plakaten bliver sendt i kraftig kuvert.
","https://info.kinorevuen.dk/wp-content/uploads/2021/03/tro-hab-rotated.jpeg",62,85,225,0,"2023-01-30 04:06:47","2023-01-30 04:06:47"
2456,"Carmen","carmen","&#8220;Carmen&#8221; er en fransk-italiensk film fra 1984 instrueret af Francesco Rosi. Det er en filmversion af Bizets opera Carmen. Julia Migenes spiller hovedrollen, Plácido Domingo som Don José, Ruggero Raimondi som Escamillo og Faith Esham som Micaela. Lorin Maazel dirigerer Orchester National de France.. 
Dansk biografpremiere 	01.02.1985
Plakaten har buk/folder samt små huller i hjørner fra nåle.
Filmplakaten bliver sendt foldet ,som den også engang blev leveret til biografen.
Plakaten bliver sendt i kraftig kuvert.
","https://info.kinorevuen.dk/wp-content/uploads/2021/03/carmen-rotated.jpeg",62,85,150,0,"2023-01-30 04:06:47","2023-01-30 04:06:47"
2458,"Monas Verden","monas-verden","Dansk film fra 2001, instrueret af Jonas Elmer efter et manuskript af Nikolaj Peyk.
Medvirkende: Sidse Babett Knudsen, Thomas Bo Larsen, Bodil Udsen, Jesper Asholt.
Dansk biografpremiere 07.09.2001
Plakaten er lidt slidt i kanterne. og har små huller i hjørner fra nåle.
","https://info.kinorevuen.dk/wp-content/uploads/2021/03/monas-verden-rotated.jpeg",62,85,50,3,"2023-01-30 04:06:47","2023-01-30 04:06:47"
2460,"Rush Hour","rush-hour","Amerikansk Action film fra 1998.
Medvirkende: Jackie Chan, Chris Tucker, Tom Wilkinson.
Dansk biografpremiere 05.02.1999
Plakaten har en  3 cm revne i bunden. er lidt slidt i kanterne. og har små huller i hjørner fra nåle.
","https://info.kinorevuen.dk/wp-content/uploads/2021/03/rush-houre-rotated.jpeg",62,85,70,1,"2023-01-30 04:06:47","2023-01-30 04:06:47"
2462,"Omstigning til Paradis","omstigning-til-paradis","&#8220;Omstigning til Paradis&#8221; er en amerikansk film fra 1951 instrueret af Elia Kazan. Filmen er en bearbejdelse af Tennessee Williams&#8217; skuespil af samme navn.
Instruktør: Elia Kazan.
Medvirkende: Vivien Leigh, Marlon Brando, Kim Hunter.
Dansk biografpremiere 	18.09.1952
Plakaten har buk/folder samt små huller i hjørner fra nåle.
Filmplakaten bliver sendt foldet ,som den også engang blev leveret til biografen.
Plakaten bliver sendt i kraftig kuvert.
","https://info.kinorevuen.dk/wp-content/uploads/2021/03/omstigning-rotated.jpeg",62,85,450,1,"2023-01-30 04:06:47","2023-01-30 04:06:47"
2471,"The Avengers - Hævnere i Kjole og Hvidt","the-avengers-haevnere-i-kjole-og-hvidt","&#8216;The Avengers&#8217; (The Avengers &#8211; Hævnere i kjole og hvidt) bygger på den klassisk tv-serie af samme navn, der blev produceret fra 1961-1969.
Medvirkende: 	Ralph Fiennes, Uma Thurman, Sean Connery.
Dansk biografpremiere 	18.09.1998
Plakaten  har små huller i hjørner fra nåle.
","https://info.kinorevuen.dk/wp-content/uploads/2021/03/avengers-rotated.jpeg",62,85,70,2,"2023-01-30 04:06:47","2023-01-30 04:06:47"
2473,"Italiensk for Begyndere","italiensk-for-begyndere","&#8220;Italiensk for begyndere&#8221; er en nøglefilm i Lone Scherfigs karriere. Filmen markerede hendes gennembrud både herhjemme og internationalt, og hun er i dag en af vores mest anerkendte instruktører.
Medvirkende: Anders W. Berthelsen, Ann Eleonora Jørgensen, Anette Støvelbæk, Peter Gantzler.
Dansk biografpremiere 	08.12.2000
","https://info.kinorevuen.dk/wp-content/uploads/2021/03/italie-rotated.jpeg",62,85,70,0,"2023-01-30 04:06:47","2023-01-30 04:06:47"
2476,"Dirty Pretty Things","dirty-pretty-things","Engelsk social &#8211; thriller film fra 2002.  instrueret af Stephen Frears og skrevet af Steven Knight.
Medvirkende: Chiwetel Ejiofor, Audrey Tautou, Sergi López.
Dansk biografpremiere 	12.09.2003
Plakaten  har små huller i hjørner fra nåle.
","https://info.kinorevuen.dk/wp-content/uploads/2021/03/dirty-pretty-rotated.jpeg",62,85,50,1,"2023-01-30 04:06:47","2023-01-30 04:06:47"
2479,"Tosca","tosca","Fransk dramafilm fra 2001 instrueret af Benoît Jacquot baseret på operaen fra 1900 af Giacomo Puccini. 
Dansk biografpremiere 	13.09.2002
Plakaten  har små huller i hjørner fra nåle.
","https://info.kinorevuen.dk/wp-content/uploads/2021/03/tosca-rotated.jpeg",62,85,50,1,"2023-01-30 04:06:47","2023-01-30 04:06:47"
2481,"At Kende Sandheden","at-kende-sandheden","Dansk film fra 2002, der er skrevet og instrueret af Nils Malmros.
Medvirkende: Jens Albinus, William Rosenberg, Lise Stegger, Søren Østergaard.
Dansk biografpremiere 	25.10.2002
Plakaten  har små huller i hjørner fra nåle.
","https://info.kinorevuen.dk/wp-content/uploads/2021/03/at-kende.jpg",62,85,70,1,"2023-01-30 04:06:47","2023-01-30 04:06:47"
2496,"Postbudet","postbudet","Mario er postbud. Han cykler blandt andet post ud til den chilenske digter og nobelprisvinder Pablo Neruda (Philippe Noiret), der i 1952 har søgt fred i et isoleret hus på en ø ud for Italiens kyst. Neruda hjælper postbuddet med at lære, hvor han skal finde de smukke ord til at kunne besnære den underskønne Beatrice. Hovedrolleindehaveren Massimo Troisi tager en med storm i titelrollen. Han døde dagen efter den sidste optagelse, kun 41 år gammel. Men filmen er stadig som en sommerferie i Italien – og blev en verdenssucces.
Medvirkende: Massimo Troisi og Maria Grazia Cucinotta, Philippe Noiret.
Dansk biografpremiere  12.01.1996
","https://info.kinorevuen.dk/wp-content/uploads/2021/03/postbod.png",62,85,275,1,"2023-01-30 04:06:47","2023-01-30 04:06:47"
2498,"The Boxer","the-boxer","Engelsk drama film af den irske instruktør Jim Sheridan.
Medvirkende: Daniel Day-Lewis, Emily Watson, Brian Cox.
Dansk biografpremiere  13.03.1998
Plakaten  har små huller i hjørner fra nåle.
","https://info.kinorevuen.dk/wp-content/uploads/2021/03/the-boxer-rotated.jpeg",62,85,70,1,"2023-01-30 04:06:47","2023-01-30 04:06:47"
2500,"Danser med Ulve","danser-med-ulve","Amerikansk film fra 1990, instrueret af Kevin Costner der også selv spiller hovedrollen.
Medvirkende: Kevin Costner, Mary McDonnell, Graham Greene.
Dansk biografpremiere 10.05.1991
Plakaten har buk/folder samt små huller i hjørner fra nåle.
Filmplakaten bliver sendt foldet ,som den også engang blev leveret til biografen.
Plakaten bliver sendt i kraftig kuvert.
","https://info.kinorevuen.dk/wp-content/uploads/2021/03/danse-m-rotated.jpeg",62,85,350,1,"2023-01-30 04:06:47","2023-01-30 04:06:47"
2503,"Vild med Kærlighed","vild-med-kaerlighed","Amerikansk romantisk komediefilm fra 1997 instrueret af Griffin Dunne og med Meg Ryan, Matthew Broderick, Tchéky Karyo og Kelly Preston i hovedrollen.
Dansk biografpremiere 15.08.1997
Plakaten  har små huller i hjørner fra nåle.
","https://info.kinorevuen.dk/wp-content/uploads/2021/03/vild-med-kaerlighed-rotated.jpeg",62,85,50,2,"2023-01-30 04:06:47","2023-01-30 04:06:47"
2505,"Exorcisten - Director's Cut","exorcisten-directors-cut","En af 1970&#8217;ernes mest uhyggelige film, Exorcisten, har fået en renæssance i en udvidet og opdateret version.
Medvirkende: Ellen Burstyn, Linda Blair, Max von Sydow, Lee J. Cobb og Jason Miller.
Instruktør: William Friedkin.
Dansk biografpremiere 11.04.2001
Plakaten  har små huller i hjørner fra nåle.
","https://info.kinorevuen.dk/wp-content/uploads/2021/03/exor-rotated.jpeg",62,85,175,1,"2023-01-30 04:06:47","2023-01-30 04:06:47"
2507,"City of Angels","city-of-angels","Romantisk film fra 1998 instrueret af Brad Silberling. Blandt de medvirkende findes Nicolas Cage og Meg Ryan.
Filmen finder sted i Los Angeles i Californien, og er en genindspilning af Wim Wenders&#8217; Himlen over Berlin fra 1987.
Dansk biografpremiere 	31.07.1998
Plakaten  har små huller i hjørner fra nåle.
","https://info.kinorevuen.dk/wp-content/uploads/2021/03/city-of-angels-rotated.jpeg",62,85,100,1,"2023-01-30 04:06:47","2023-01-30 04:06:47"
2509,"Crocodile Dundee i Los Angeles","cr","Amerikansk actionkomediefilm fra 2001 instrueret af Simon Wincer og med Paul Hogan i hovedrollen.
Det er efterfølgeren til Crocodile Dundee II og den tredje og sidste film i Crocodile Dundee-serien..
Dansk biografpremiere 	21.09.2001
Plakaten  har små huller i hjørner fra nåle.
","https://info.kinorevuen.dk/wp-content/uploads/2021/03/crocodille-rotated.jpeg",62,85,50,1,"2023-01-30 04:06:47","2023-01-30 04:06:47"
2511,"Slangemanden","slangemanden","Amerikansk horrorfilm fra 1973
Medvirkende: Strother Martin, Dirk Benedict og Heather Menzies.
Instruktør: Bernard L. Kowalski.
Dansk biografpremiere  08.11.1976
Plakaten har buk/folder samt små huller i hjørner fra nåle.
Filmplakaten bliver sendt foldet ,som den også engang blev leveret til biografen.
Plakaten bliver sendt i kraftig kuvert.
","https://info.kinorevuen.dk/wp-content/uploads/2021/03/slange-rotated.jpeg",62,85,150,1,"2023-01-30 04:06:47","2023-01-30 04:06:47"
2522,"Elsk Mig","elsk-mig","Psykologisk drama om en selvstændig og kynisk kvinde og en ung mand, der slæber rundt på en hel del bekymringer og skyldfølelse. 
Instruktør: André Téchiné
Medvirkende: Juliette Binoche, Alexis Loret, Carmen Maura.
Dansk biografpremiere 	08.12.2000
Plakaten  har små huller i hjørner fra nåle.
","https://info.kinorevuen.dk/wp-content/uploads/2021/03/elsk-mig-rotated.jpeg",62,85,100,1,"2023-01-30 04:06:47","2023-01-30 04:06:47"
2527,"Hemmeligheder og Løgne","hemmeligheder-og-loegne","Dramafilm fra 1996 skrevet og instrueret af Mike Leigh.
Medvirkende: Timothy Spall, Phyllis Logan, Brenda Blethyn. 
Dansk biografpremiere 11.10.1996
Plakaten har  små huller i hjørner fra nåle.
","https://info.kinorevuen.dk/wp-content/uploads/2021/03/hemmeligheder-og-l-rotated.jpeg",62,85,70,1,"2023-01-30 04:06:47","2023-01-30 04:06:47"
2528,"Providence","providence","Fransk drama, Instrueret af Alain Resnais.
Et imponerende opbud af stjerneskuespillere, der tæller Dirk Bogarde, John Gielgud og Ellen Burstyn, pryder Alain Resnais’ første engelsksprogede film, en meditation om kunsten, livet og døden.
Dansk biografpremiere 15.09.1977
Plakaten har buk/folder samt små huller i hjørner fra nåle.
Filmplakaten bliver sendt foldet ,som den også engang blev leveret til biografen.
Plakaten bliver sendt i kraftig kuvert.
","https://info.kinorevuen.dk/wp-content/uploads/2021/03/providence-plk-rotated.jpeg",62,85,300,1,"2023-01-30 04:06:47","2023-01-30 04:06:47"
2530,"Ung Flugt","ung-flugt","Fransk film fra 1959, instrueret af Francois Truffaut.
Medvirkende: Jean-Pierre Léaud, Claire Maurier, Albert Rémy. 
Dansk biografpremiere 25.03.1960
Plakaten har buk/folder samt små huller i hjørner fra nåle.
Filmplakaten bliver sendt foldet ,som den også engang blev leveret til biografen.
Plakaten bliver sendt i kraftig kuvert.
","https://info.kinorevuen.dk/wp-content/uploads/2021/03/ung-flugt-rotated.jpeg",62,85,125,1,"2023-01-30 04:06:47","2023-01-30 04:06:47"
2532,"Sergent Blue","sergent-blue","Amerikansk western fra 1971.
Medvirkende: Woody Strode, Guy Stockwell, John Carradine, Patrick Wayne.
Instruktør: Robert Gorden.
Dansk biografpremiere 21.01.1974
Plakaten har buk/folder samt små huller i hjørner fra nåle.
Filmplakaten bliver sendt foldet ,som den også engang blev leveret til biografen.
Plakaten bliver sendt i kraftig kuvert
","https://info.kinorevuen.dk/wp-content/uploads/2021/03/sergent-blue-rotated.jpeg",62,85,150,1,"2023-01-30 04:06:47","2023-01-30 04:06:47"
2535,"Welcome to the Jungle","welcome-to-the-jungle","Amerikansk actionfilm med Dwayne Johnson og Seann William Scott.
Dansk biografpremiere 	30.01.2004
","https://info.kinorevuen.dk/wp-content/uploads/2021/03/velcome-to-the-jung-rotated.jpeg",62,85,50,1,"2023-01-30 04:06:47","2023-01-30 04:06:47"
2537,"Bjørne Brødre","bjoerne-broedre","Oscar-nomineret tegnefilm fra 2003, produceret af Walt Disney Animation Studios . 
Dansk biografpremiere 	06.02.2004
","https://info.kinorevuen.dk/wp-content/uploads/2021/03/bjoer.jpeg",62,85,70,2,"2023-01-30 04:06:47","2023-01-30 04:06:47"
2540,"Starsky &amp; Hutch","starsky-hutch","Amerikansk action-komedie fra 2004.  instrueret af Todd Phillips.
Filmen har Ben Stiller og Owen Wilson i hovedrollerne og er baseret på tv-serien Starsky and Hutch fra 1970&#8217;erne. 
Dansk biografpremiere 	30.04.2004
","https://info.kinorevuen.dk/wp-content/uploads/2021/03/stars-rotated.jpeg",62,85,50,4,"2023-01-30 04:06:47","2023-01-30 04:06:47"
2542,"Hidalgo","hidalgo","Amerikansk westernfilm fra 2004.  instrueret af Joe Johnston.
Filmen har Viggo Mortensen, Omar Sharif og Zuleikha Robinson i hovedrollerne. 
Dansk biografpremiere 	26.03.2004
","https://info.kinorevuen.dk/wp-content/uploads/2021/03/hi-rotated.jpeg",62,85,50,5,"2023-01-30 04:06:47","2023-01-30 04:06:47"
2544,"Hidalgo (Kopier)","","Amerikansk westernfilm fra 2004.  instrueret af Joe Johnston.
Filmen har Viggo Mortensen, Omar Sharif og Zuleikha Robinson i hovedrollerne. 
Dansk biografpremiere 	26.03.2004
","https://info.kinorevuen.dk/wp-content/uploads/2021/03/hi-rotated.jpeg",62,85,50,1,"2023-01-30 04:06:47","2023-01-30 04:06:47"
2545,"The Day After Tomorrow","the-day-after-tomorrow","&#8220;The Day After Tomorrow&#8221; er fra 2004, og handler om de katastrofale konsekvenser af den globale opvarmning.
Filmen er instrueret af Roland Emmerich, som også stod bag filmen Independence Day.
Medvirkende: Dennis Quaid, Jake Gyllenhaal, Ian Holm. 
Dansk biografpremiere 	28.05.2004
","https://info.kinorevuen.dk/wp-content/uploads/2021/03/thed-rotated.jpeg",62,85,50,3,"2023-01-30 04:06:47","2023-01-30 04:06:47"
2547,"Van Helsing","van-helsing","Amerikansk gyser fra 2004 instrueret af Stephen Sommers.
Medvirkende: Hugh Jackman, Kate Beckinsale, Richard Roxburgh. 
Dansk biografpremiere 	06.05.2004
","https://info.kinorevuen.dk/wp-content/uploads/2021/03/van-rotated.jpeg",62,85,70,2,"2023-01-30 04:06:47","2023-01-30 04:06:47"
2549,"Paycheck","paycheck","Amerikansk actionfilm fra 2003, der er baseret på novellen fra 1953 med samme navn, af forfatter Philip K. Dick.
instrueret af John Woo.
Medvirkende: Ben Affleck, Uma Thurman, Aaron Eckhart, Paul Giamatti, Michael C. Hall. 
Dansk biografpremiere 	12.03.2004
","https://info.kinorevuen.dk/wp-content/uploads/2021/03/payc-rotated.jpeg",62,85,50,4,"2023-01-30 04:06:47","2023-01-30 04:06:47"
2551,"Carmen","carmen-2","Carlos Sauras, flamenco-versionen af &#8216;Carmen&#8217;, udspiller sig omkring prøverne på en danseopsætning af Bizets opera og følger koreografen Antonios forelskelse i skuespilleren Carmen.
Medvirkende: Antonio Gades, Laura del Sol, Paco de Lucía, Christina Hoyos.
Dansk biografpremiere  30.09.1983
Plakaten har buk/folder samt små huller i hjørner fra nåle.
Filmplakaten bliver sendt foldet ,som den også engang blev leveret til biografen.
Plakaten bliver sendt i kraftig kuvert.
","https://info.kinorevuen.dk/wp-content/uploads/2021/03/carmen-2-rotated.jpeg",60,84,150,1,"2023-01-30 04:06:47","2023-01-30 04:06:47"
2553,"Kvinden overfor","kvinden-overfor","Fransk film fra 1981, instrueret af Francois Truffaut.
Medvirkende: Gérard Depardieu, Fanny Ardant, Henri Garcin.
Dansk biografpremiere  29.03.1982
Plakaten har buk/folder samt små huller i hjørner fra nåle.
Filmplakaten bliver sendt foldet ,som den også engang blev leveret til biografen.
Plakaten bliver sendt i kraftig kuvert.
","https://info.kinorevuen.dk/wp-content/uploads/2021/03/kvi-rotated.jpeg",59,85,125,1,"2023-01-30 04:06:47","2023-01-30 04:06:47"
2555,"Sidste Tango i Paris","sidste-tango-i-paris","”Den mest erotiske film, der nogensinde er lavet,” skrev den store filmkritiker Pauline Kael, og fortsatte profetisk: ”Det er også en film, man vil diskutere, så længe der er filmkunst til.
Medvirkende: Marlon Brando, Maria Schneider, Jean-Pierre Léaud.
Instruktør: Bernardo Bertolucci.
Dansk biografpremiere  14.04.1973
Plakaten har buk/folder samt små huller i hjørner fra nåle.
Filmplakaten bliver sendt foldet ,som den også engang blev leveret til biografen.
Plakaten bliver sendt i kraftig kuvert.
","https://info.kinorevuen.dk/wp-content/uploads/2021/03/sidste-tango-i-paris-rotated.jpeg",62,85,325,1,"2023-01-30 04:06:47","2023-01-30 04:06:47"
2557,"Cyrano de Bergerac","cyrano-de-bergerac","Om den eminente fægter Cyrano de Bergerac med den alt for store næse, og hans poetiske tilbedelse af og håbløse kærlighed til en smuk kvinde.
Medvirkende: Gérard Depardieu, Jacques Weber, Anne Brochet.
Instruktør: Jean-Paul Rappeneau.
Dansk biografpremiere  12.10.1990
Plakaten har buk/folder samt små huller i hjørner fra nåle.
Filmplakaten bliver sendt foldet ,som den også engang blev leveret til biografen.
Plakaten bliver sendt i kraftig kuvert.
","https://info.kinorevuen.dk/wp-content/uploads/2021/03/cyrano-rotated.jpeg",62,85,125,1,"2023-01-30 04:06:47","2023-01-30 04:06:47"
2559,"Vi ses igen","vi-ses-igen","&#8220;Au revoir les enfants&#8221; er en selvbiografisk film fra 1987 skrevet, produceret og instrueret af Louis Malle.
Filmen vandt Guldløven ved Filmfestivalen i Venedig i 1987.
Medvirkende: Gaspard Manesse, RaphaËl Fejtö, Françine Racette, Stanislas Carré de Malberg. 
Dansk biografpremiere  18.11.1988
Plakaten har buk/folder samt små huller i hjørner fra nåle.
Filmplakaten bliver sendt foldet ,som den også engang blev leveret til biografen.
Plakaten bliver sendt i kraftig kuvert.
","https://info.kinorevuen.dk/wp-content/uploads/2021/03/vi-ses-rotated.jpeg",62,85,100,1,"2023-01-30 04:06:47","2023-01-30 04:06:47"
2561,"Fitzcarraldo","fitzcarraldo","&#8220;Fitzcarraldo&#8221; er en tysk dramafilm fra 1982 skrevet og instrueret af Werner Herzog og med Klaus Kinski i hovedrollen.. 
Dansk biografpremiere  	21.02.1983
Plakaten har buk/folder samt små huller i hjørner fra nåle.
Filmplakaten bliver sendt foldet ,som den også engang blev leveret til biografen.
Plakaten bliver sendt i kraftig kuvert.
","https://info.kinorevuen.dk/wp-content/uploads/2021/03/fitzca-rotated.jpeg",62,82,250,1,"2023-01-30 04:06:47","2023-01-30 04:06:47"
2563,"Bagdad Café","bagdad-cafe","&#8220;Bagdad Cafe&#8221; er en engelsksproget tysk film fra 1987, instrueret af Percy Adlon. 
Dansk biografpremiere  	22.07.1988
Plakaten har buk/folder samt små huller i hjørner fra nåle.
Filmplakaten bliver sendt foldet ,som den også engang blev leveret til biografen.
Plakaten bliver sendt i kraftig kuvert.
","https://info.kinorevuen.dk/wp-content/uploads/2021/03/bagdad-rotated.jpeg",62,85,200,0,"2023-01-30 04:06:47","2023-01-30 04:06:47"
2565,"Kære Louise","kaere-louise","Fransk dramafilm fra 1972 instrueret af Philippe de Broca.
Medvirkende: Jeanne Moreau, Yves Robert, Didi Perego,
Dansk biografpremiere  	01.11.1972
Plakaten har buk/folder samt små huller i hjørner fra nåle.
Filmplakaten bliver sendt foldet ,som den også engang blev leveret til biografen.
Plakaten bliver sendt i kraftig kuvert.
","https://info.kinorevuen.dk/wp-content/uploads/2021/03/kaere-louise-rotated.jpeg",62,85,125,1,"2023-01-30 04:06:47","2023-01-30 04:06:47"
2567,"Delicatessen","delicatessen","&#8220;Delicatessen&#8221; er en fransk, sort komediefilm fra 1991.
instrueret af Jean-Pierre Jeunet og Marc Caro.
Medvirkende:  Dominique Pinon og Marie-Laure Dougnac.
Dansk biografpremiere  	22.05.1992
Plakaten har buk/folder samt små huller i hjørner fra nåle.
Filmplakaten bliver sendt foldet ,som den også engang blev leveret til biografen.
Plakaten bliver sendt i kraftig kuvert.
","https://info.kinorevuen.dk/wp-content/uploads/2021/03/delicatessen-rotated.jpeg",62,85,175,0,"2023-01-30 04:06:47","2023-01-30 04:06:47"
2569,"Loulou","loulou","Loulou er en fransk dramafilm fra 1980. instrueret af Maurice Pialat og med Isabelle Huppert og Gérard Depardieu i hovedrollen. 
Dansk biografpremiere  	25.09.1981
Plakaten har buk/folder samt små huller i hjørner fra nåle.
Filmplakaten bliver sendt foldet ,som den også engang blev leveret til biografen.
Plakaten bliver sendt i kraftig kuvert.
","https://info.kinorevuen.dk/wp-content/uploads/2021/03/loulou-rotated.jpeg",62,85,150,1,"2023-01-30 04:06:47","2023-01-30 04:06:47"
2572,"En kærlighedshistorie","en-kaerlighedshistorie","Roy Anderssons mageløst smukke og romantiske debutfilm om ung kærlighed.
Medvirkende: Ann-Sofie Kylin, Rolf Sohlman, Anita Lindblom.
Instruktør: Roy Andersson.
Dansk biografpremiere  	28.08.1970
Plakaten har buk/folder samt små huller i hjørner fra nåle.
Filmplakaten bliver sendt foldet ,som den også engang blev leveret til biografen.
Plakaten bliver sendt i kraftig kuvert.
","https://info.kinorevuen.dk/wp-content/uploads/2021/03/en-kaer-rotated.jpeg",62,85,175,1,"2023-01-30 04:06:47","2023-01-30 04:06:47"
2584,"The Time Machine","the-time-machine","&#8216;The Time Machine&#8217; er en amerikansk science fiction film, baseret på en roman af samme navn, skrevet af H.G. Wells i 1895.
instrueret af Simon Wells.
Filmen har Guy Pearce, Samantha Mumba og Jeremy Irons på rollelisten.
Dansk biografpremiere  05.04.2002
","https://info.kinorevuen.dk/wp-content/uploads/2021/03/time-m-1-rotated.jpeg",62,85,50,5,"2023-01-30 04:06:47","2023-01-30 04:06:47"
2585,"Elling","elling","To norske mænd udskrives fra et psykiatrisk behandlingshjem og skal klare sig selv i en lejlighed. Det bliver en ganske stor udfordring.
Medvirkende: Per Christian Ellefsen, Sven Nordin, Marit Pia Jacobsen.
Instruktør: Petter Næss.
Dansk biografpremiere 04.01.2002
","https://info.kinorevuen.dk/wp-content/uploads/2021/03/elling-rotated.jpeg",62,85,70,1,"2023-01-30 04:06:47","2023-01-30 04:06:47"
2586,"Orange County","orange-county","&#8220;Orange County&#8221;  er en amerikansk komediefilm fra 2002 med Colin Hanks og Jack Black
Dansk biografpremiere 06.09.2002
","https://info.kinorevuen.dk/wp-content/uploads/2021/03/orange-c-rotated.jpeg",62,85,30,3,"2023-01-30 04:06:47","2023-01-30 04:06:47"
2587,"The Sweetest Thing","the-sweetest-thing","Amerikansk komediefilm fra 2002 instrueret af Roger Kumble.
Medvirkende: Cameron Diaz, Christina Applegate, Thomas Jane, Selma Blair, Parker Posey.
Dansk biografpremiere 23.08.2002
","https://info.kinorevuen.dk/wp-content/uploads/2021/03/the-sw-rotated.jpeg",62,85,40,4,"2023-01-30 04:06:47","2023-01-30 04:06:47"
2588,"Training Day","training-day","Action-dramaet &#8216;Training Day&#8217; er en Oscar-vindende film med Denzel Washington og Ethan Hawke.
Oscar-vinder for Bedste mandlige hovedrolle.
Dansk biografpremiere 16.11.2001	
","https://info.kinorevuen.dk/wp-content/uploads/2021/03/train-d-rotated.jpeg",62,85,50,6,"2023-01-30 04:06:47","2023-01-30 04:06:47"
2589,"Shrek","shrek","&#8216;Shrek&#8217; er den første i den populære animationsserie.
Dansk biografpremiere 07.09.2001
","https://info.kinorevuen.dk/wp-content/uploads/2021/03/shrek-rotated.jpeg",62,85,150,1,"2023-01-30 04:06:47","2023-01-30 04:06:47"
2593,"Terminator","","Instrueret af James Cameron.
Medvirkende: Arnold Schwarzenegger, Michael Biehn, Linda Hamilton.
Dansk biografpremiere 	15.02.1985
Plakaten har buk/folder samt og små huller i hjørner fra nåle.
Filmplakaten bliver sendt foldet ,som den også engang blev leveret til biografen.
Plakaten bliver sendt i kraftig kuvert.
","https://info.kinorevuen.dk/wp-content/uploads/2021/03/term-rotated.jpeg",62,85,1500,1,"2023-01-30 04:06:47","2023-01-30 04:06:47"
2594,"Der er et Yndigt Land","der-er-et-yndigt-land","Med &#8220;Der er et yndigt land&#8221; ville Morten Arnfred skabe en nutidig korrektion til dansk films klassiske Morten Korch-idyl. Det blev da også værdsat, at filmen tog dansk landbrug og dets vilkår i firsernes EF alvorligt. Nogle fandt filmen lidt tung, men generelt fik den pæne anmeldelser, og det lykkedes virkelig at få landbefolkningen i biografen. Filmen var Danmarks officielle bidrag til årets filmfestival i Berlin.
Medvirkende: Ole Ernst, Karen-Lise Mynster, Anne Vallgårda, Ricki Rasmussen.
Instruktør: Bille August.
Dansk biografpremiere  	11.02.1983
Plakaten har buk/folder samt små huller i hjørner fra nåle.
Filmplakaten bliver sendt foldet ,som den også engang blev leveret til biografen.
Plakaten bliver sendt i kraftig kuvert.
","https://info.kinorevuen.dk/wp-content/uploads/2021/03/der-er-et-yndigt-land-rotated.jpeg",62,85,175,1,"2023-01-30 04:06:47","2023-01-30 04:06:47"
2595,"Busters Verden","busters-verden","Familiefilm om den fantasifulde dreng Buster Oregon Mortensen, søn af en arbejdsløs tryllekunstner og sønnesøn af en berømt kanonkonge.
Medvirkende: Mads Bugge Andersen, Katarina Stenbeck, Peter Schrøder, Katja Miehe-Renard, Buster Larsen.
Instruktør: Bille August.
Dansk biografpremiere  	05.10.1984
Plakaten har buk/folder samt små huller i hjørner fra nåle.
Filmplakaten bliver sendt foldet ,som den også engang blev leveret til biografen.
Plakaten bliver sendt i kraftig kuvert.
","https://info.kinorevuen.dk/wp-content/uploads/2021/03/buster-rotated.jpeg",62,85,425,0,"2023-01-30 04:06:47","2023-01-30 04:06:47"
2598,"På'en igen Cliff","paaen-igen-cliff","På&#8217;en igen Cliff (Take Me High)  er en britisk spillefilm fra 1973, instrueret af David Askey, skrevet af Christopher Penfold og med Cliff Richard i hans sidste filmrolle med Deborah Watling, Hugh Griffith, George Cole og Anthony Andrews.
Dansk biografpremiere 06.03.1974
Plakaten har noget patina. buk/folder, små huller i hjørner fra nåle.
Filmplakaten bliver sendt foldet ,som den også engang blev leveret til biografen.
Plakaten bliver sendt i kraftig kuvert.
","https://info.kinorevuen.dk/wp-content/uploads/2021/03/paen-igen-cliff-rotated.jpeg",62,85,300,1,"2023-01-30 04:06:47","2023-01-30 04:06:47"
2603,"Lykkens Musikanter","lykkens-musikanter","Dansk film fra 1962 med manuskript af Patricia McLean og Peer Guldbrandsen, der også har instrueret.
Medvirkende: Dirch Passer, Ove Sprogøe, Kjeld Petersen.
Dansk biografpremiere 	19.02.1962
Plakaten har noget patina. buk/folder, små huller i hjørner fra nåle, et lille afrevet hjørne i nederst venstre hjørne.
Filmplakaten bliver sendt foldet ,som den også engang blev leveret til biografen.
Plakaten bliver sendt i kraftig kuvert.
","https://info.kinorevuen.dk/wp-content/uploads/2021/03/ly-rotated.jpeg",62,85,225,1,"2023-01-30 04:06:47","2023-01-30 04:06:47"
2604,"Goya i Bordeaux","","Spansk historisk dramafilm fra 1999 skrevet og instrueret af Carlos Saura.
Francisco de Goya, den indflydelsesrige spanske maler fra 1800-tallet.
Dansk biografpremiere 25.05.2001
","https://info.kinorevuen.dk/wp-content/uploads/2021/03/goya-rotated.jpeg",62,85,70,1,"2023-01-30 04:06:47","2023-01-30 04:06:47"
2606,"Skrækuhyret slår til","","Horrorfilm fra 1971 instrueret af Antonio Margheriti.
Medvirkende: Anthony Franciosa, Klaus Kinski, Michèle Mercier.
Dansk biografpremiere 	15.01.1973
Plakaten har noget patina. buk/folder, små huller i hjørner fra nåle.
Filmplakaten bliver sendt foldet ,som den også engang blev leveret til biografen.
Plakaten bliver sendt i kraftig kuvert.
","https://info.kinorevuen.dk/wp-content/uploads/2021/03/skrae-rotated.jpeg",62,85,250,1,"2023-01-30 04:06:47","2023-01-30 04:06:47"
2608,"Phantasm - Dus med Døden","","Dansk biografpremiere 	04.10.1982
Plakaten har noget patina. buk/folder, små huller i hjørner fra nåle.
Filmplakaten bliver sendt foldet ,som den også engang blev leveret til biografen.
Plakaten bliver sendt i kraftig kuvert.
","https://info.kinorevuen.dk/wp-content/uploads/2021/03/phantasm-rotated.jpeg",62,85,150,1,"2023-01-30 04:06:47","2023-01-30 04:06:47"
2609,"Støt Staar den Danske Sømand","","Under 2. verdenskrig sejlede 5000 danske søfolk under allieret flag, på den danske handelsflåde med en samlet tonnage på 800.000 tons. Disse søfolk deltog i modstandskampen imod den tyske, italienske og japanske fascisme, og for 1500 søfolks vedkommende var det med livet som indsats.
instrueret af Bodil Ipsen og Lau Lauritzen jun efter manuskript af Grete Frische.
Medvirkende: Poul Reichhardt, Lisbeth Movin, Lau Lauritzen jun, Johannes Meyer, Pauline Murray, Jørgen Frederik Ording, Per Buckhøj, Preben Lerdorff Rye.
Dansk biografpremiere 	30.03.1948
Plakaten har noget patina. buk/folder, små huller i hjørner fra nåle.
Filmplakaten bliver sendt foldet ,som den også engang blev leveret til biografen.
Plakaten bliver sendt i kraftig kuvert.
","https://info.kinorevuen.dk/wp-content/uploads/2021/03/stoet-sd-rotated.jpeg",62,85,150,1,"2023-01-30 04:06:47","2023-01-30 04:06:47"
2612,"Dødens Kløer","doedens-kloeer","Amerikansk gyserfilm fra 1976
Seks meter ren ondskab. 
Instruktør: William Girdler.
Dansk biografpremiere  	18.06.1976
Plakaten har buk/folder samt små huller i hjørner fra nåle.
Filmplakaten bliver sendt foldet ,som den også engang blev leveret til biografen.
Plakaten bliver sendt i kraftig kuvert.
","https://info.kinorevuen.dk/wp-content/uploads/2021/03/doedens-kler-rotated.jpeg",62,85,150,1,"2023-01-30 04:06:47","2023-01-30 04:06:47"
2613,"I et år med 13 måner","","Tysk dramafilm fra 1978 instrueret af Rainer Werner Fassbinder. 
Dansk biografpremiere  	24.09.1979
Plakaten har buk/folder samt små huller i hjørner fra nåle.
Filmplakaten bliver sendt foldet ,som den også engang blev leveret til biografen.
Plakaten bliver sendt i kraftig kuvert.
","https://info.kinorevuen.dk/wp-content/uploads/2021/03/i-et-ar-med-rotated.jpeg",62,85,100,1,"2023-01-30 04:06:47","2023-01-30 04:06:47"
2615,"Exotica","","Canadisk dramafilm fra 1994.
skildring af en gruppe mennesker i og omkring stripteaseklubben Exotica. Lag for lag afdækkes deres fortid, ofte i pinefulde detaljer og ofte kædet ind i hinanden.
Instrueret af Atom Egoyan. 
Dansk biografpremiere  	04.11.1994
Plakaten har buk/folder samt små huller i hjørner fra nåle.
Filmplakaten bliver sendt foldet ,som den også engang blev leveret til biografen.
Plakaten bliver sendt i kraftig kuvert.
","https://info.kinorevuen.dk/wp-content/uploads/2021/03/exotica-rotated.jpeg",62,85,100,1,"2023-01-30 04:06:47","2023-01-30 04:06:47"
2631,"Monty Python og de skøre riddere","monty-python-og-de-skoere-riddere","Engelsk komediefilm fra 1974 af og med Monty Python-gruppen. 
Dansk biografpremiere	16.04.1976
Plakaten har buk/folder samt små huller i hjørner fra nåle.
Filmplakaten bliver sendt foldet ,som den også engang blev leveret til biografen.
Plakaten bliver sendt i kraftig kuvert.
","https://info.kinorevuen.dk/wp-content/uploads/2021/03/monty-rotated.jpeg",62,85,275,0,"2023-01-30 04:06:47","2023-01-30 04:06:47"
2634,"Helvedes Banden","helvedes-banden","Dansk biografpremiere	07.05.1962
Plakaten har noget patina. buk/folder, små huller i hjørner fra nåle.
Filmplakaten bliver sendt foldet ,som den også engang blev leveret til biografen.
Plakaten bliver sendt i kraftig kuvert.
","https://info.kinorevuen.dk/wp-content/uploads/2021/03/helv-band-rotated.jpeg",62,85,325,1,"2023-01-30 04:06:47","2023-01-30 04:06:47"
2635,"Messe for en Gringo","messe-for-en-gringo","Dansk biografpremiere	25.08.1969
Plakaten har noget patina. buk/folder, små huller i hjørner fra nåle.
Filmplakaten bliver sendt foldet ,som den også engang blev leveret til biografen.
Plakaten bliver sendt i kraftig kuvert.
","https://info.kinorevuen.dk/wp-content/uploads/2021/03/messe-for-g-rotated.jpeg",62,85,250,1,"2023-01-30 04:06:47","2023-01-30 04:06:47"
2639,"Indianeren Chata","indianeren-chata","Dansk biografpremiere	10.02.1975
Plakaten har noget patina. buk/folder, små huller i hjørner fra nåle.
Filmplakaten bliver sendt foldet ,som den også engang blev leveret til biografen.
Plakaten bliver sendt i kraftig kuvert.
","https://info.kinorevuen.dk/wp-content/uploads/2021/03/indianer-c-rotated.jpeg",62,85,250,1,"2023-01-30 04:06:47","2023-01-30 04:06:47"
2640,"Blodplettede Dollars","blodplettede-dollars","Dansk biografpremiere	23.02.1968
Plakaten har noget patina. buk/folder, små huller i hjørner fra nåle.
Filmplakaten bliver sendt foldet ,som den også engang blev leveret til biografen.
Plakaten bliver sendt i kraftig kuvert.
","https://info.kinorevuen.dk/wp-content/uploads/2021/03/blodplettede-dollars-rotated.jpeg",62,85,475,1,"2023-01-30 04:06:47","2023-01-30 04:06:47"
2641,"Der kom en farlig mand","der-kom-en-farlig-mand","Dansk biografpremiere	03.04.1972
Plakaten har buk/folder, samt små huller i hjørner fra nåle.
Filmplakaten bliver sendt foldet ,som den også engang blev leveret til biografen.
Plakaten bliver sendt i kraftig kuvert.
","https://info.kinorevuen.dk/wp-content/uploads/2021/03/der-kom-efm-rotated.jpeg",62,85,225,1,"2023-01-30 04:06:47","2023-01-30 04:06:47"
2645,"Skammen","skammen","Svensk dramafilm fra 1968 skrevet og instrueret af Ingmar Bergman og med Liv Ullmann og Max von Sydow i hovedrollen. 
Dansk biografpremiere	15.10.1968
Plakaten har noget patina. buk/folder, små huller i hjørner fra nåle.
Filmplakaten bliver sendt foldet ,som den også engang blev leveret til biografen.
Plakaten bliver sendt i kraftig kuvert.
","https://info.kinorevuen.dk/wp-content/uploads/2021/03/skammen-1-rotated.jpeg",62,85,150,1,"2023-01-30 04:06:47","2023-01-30 04:06:47"
2647,"Giv Gud en chance om søndagen","giv-gud-en-chance-om-soendagen","Henrik Stangerups debut som spillefilminstruktør var blandt de mest diskuterede danske film i 1970. Den blev af anmelderne overvejende positivt modtaget som en personlig og seriøs debatfilm.
Ulf Pilgaard blev rost for fremstillingen af præsten, hans første alvorlige filmrolle. 
Medvirkende: 	Ulf Pilgaard, Lotte Tarp, Vibeke Reumert, Ove Sprogøe.
Instruktør: Henrik Stangerup.
Dansk biografpremiere	22.04.1970
Plakaten har buk/folder samt små huller i hjørner fra nåle.
Filmplakaten bliver sendt foldet ,som den også engang blev leveret til biografen.
Plakaten bliver sendt i kraftig kuvert.
","https://info.kinorevuen.dk/wp-content/uploads/2021/03/giv-gud-rotated.jpeg",62,85,150,1,"2023-01-30 04:06:47","2023-01-30 04:06:47"
2651,"Skyd de levende og bed for de døde","skyd-de-levende-og-bed-for-de-doede","Italienske drama-Western film fra 1971.  instrueret af Joseph Warren, med Klaus Kinski og Dante Maggio i hovedrollen.
Dansk biografpremiere	26.09.1977
Plakaten har noget patina. buk/folder, små huller i hjørner fra nåle.
Filmplakaten bliver sendt foldet ,som den også engang blev leveret til biografen.
Plakaten bliver sendt i kraftig kuvert.
","https://info.kinorevuen.dk/wp-content/uploads/2021/03/skyd-de-lev-rotated.jpeg",62,85,225,1,"2023-01-30 04:06:47","2023-01-30 04:06:47"
2654,"Postbudet ringer altid to gange","postbudet-ringer-altid-to-gange","Filmatisering af James M. Cains roman af samme navn. med Jack Nicholson og Jessica Lange i hovedrollerne.
Instruktør: Bob Rafelson. 
Dansk biografpremiere	17.08.1981
Plakaten har buk/folder samt små huller i hjørner fra nåle.
Filmplakaten bliver sendt foldet ,som den også engang blev leveret til biografen.
Plakaten bliver sendt i kraftig kuvert.
","https://info.kinorevuen.dk/wp-content/uploads/2021/03/postbud-rotated.jpeg",62,85,300,1,"2023-01-30 04:06:47","2023-01-30 04:06:47"
2656,"Min søsters børn vælter byen","min-soesters-boern-vaelter-byen","Tredie film i serien, der indledtes med &#8216;Min søsters børn&#8217; (1966) og &#8216;Min søsters børn på bryllupsrejse&#8217; (1967) og i 1971 afsluttedes med en fjerde, &#8216;Min søsters børn når de er værst&#8217;.
Medvirkende: Dirch Passer, Jeanne Darville, William Rosenberg, Pusle Helmuth, Jan Priiskorn Schmidt, Ove Sprogøe.
Instruktør: Annelise Reenberg.
Dansk biografpremiere 	11.10.1968
Plakaten har buk/folder samt små huller i hjørner fra nåle. samt, på bagsiden brune tape rester i de 4 hjørner.
Filmplakaten bliver sendt foldet ,som den også engang blev leveret til biografen.
Plakaten bliver sendt i kraftig kuvert.
","https://info.kinorevuen.dk/wp-content/uploads/2021/03/msb-v-byen-rotated.jpeg",62,85,325,1,"2023-01-30 04:06:47","2023-01-30 04:06:47"
2660,"Brødre","broedre","Dansk film fra 2004, instrueret af Susanne Bier, der også har skrevet manuskriptet med Anders Thomas Jensen.
Medvirkende: Connie Nielsen, Ulrich Thomsen, Nikolaj Lie Kaas, Sarah Juel Werner.
Dansk biografpremiere 27.08.2004
","https://info.kinorevuen.dk/wp-content/uploads/2021/03/plak-broedre.jpg",62,85,70,3,"2023-01-30 04:06:47","2023-01-30 04:06:47"
2662,"The Village","the-village","Amerikansk gyser fra 2004 instrueret, skrevet og produceret af M. Night Shyamalan. Filmen har bl.a. Bryce Dallas Howard, Joaquin Phoenix og Adrien Brody på rollelisten.
Dansk biografpremiere 22.09.2004
","https://info.kinorevuen.dk/wp-content/uploads/2021/03/pl-the-village-rotated.jpeg",62,85,50,4,"2023-01-30 04:06:47","2023-01-30 04:06:47"
2664,"Uropatruljen","uropatruljen","Efter kommerciel fiasko med den politiske thriller »Raketbase 3« er instruktør Robert Aldrich tilbage på hjemmebanen mellem barske og sentimentale mandfolk i Californiens politistyrke.
Stoffet er hentet fra ekspolitimanden Joseph Wambaughs roman »The Choirboys«,
Instruktør: Robert Aldrich.
Medvirkende	Charles Durning, Louis Gossett Jr., Perry King.
Dansk biografpremiere	27.02.1978
Plakaten har buk/folder samt små huller i hjørner fra nåle.
Filmplakaten bliver sendt foldet ,som den også engang blev leveret til biografen.
Plakaten bliver sendt i kraftig kuvert.
","https://info.kinorevuen.dk/wp-content/uploads/2021/03/plk-uropatruljen-rotated.jpeg",62,85,225,1,"2023-01-30 04:06:47","2023-01-30 04:06:47"
2666,"Mig og Mafiaen","mig-og-mafiaen","Dansk komedie fra 1973, skrevet af Lise Nørgaard og instrueret af Henning Ørnbak, baseret på den engelske komedie &#8220;Oh, You&#8217;re Awful&#8221;, fra 1972.
Medvirkende: Dirch Passer, Klaus Pagh, Tove Maës, Poul Bundgaard.
Dansk biografpremiere	14.12.1973
Plakaten har buk/folder samt små huller i hjørner fra nåle.
Filmplakaten bliver sendt foldet ,som den også engang blev leveret til biografen.
Plakaten bliver sendt i kraftig kuvert.
","https://info.kinorevuen.dk/wp-content/uploads/2021/03/mig-ogm.jpeg",62,85,250,1,"2023-01-30 04:06:47","2023-01-30 04:06:47"
2676,"Guld til Trinity","guld-til-trinity","Italienske komedie-Western film fra 1972.  instrueret af Renzo Genta og Richard Harrison.
Dansk biografpremiere	11.06.1973
Plakaten har noget patina. buk/folder, små huller i hjørner fra nåle.
Filmplakaten bliver sendt foldet ,som den også engang blev leveret til biografen.
Plakaten bliver sendt i kraftig kuvert.
","https://info.kinorevuen.dk/wp-content/uploads/2021/03/guld-til-trinity-rotated.jpeg",62,85,125,1,"2023-01-30 04:06:47","2023-01-30 04:06:47"
2681,"A Perfect Murder","a-perfect-murder","Thriller baseret på Alfred Hitchcocks film &#8220;Dial M For Murder&#8221;.
Medvirkende: Michael Douglas, Gwyneth Paltrow, Viggo Mortensen.
Dansk biografpremiere 09.10.1998
","https://info.kinorevuen.dk/wp-content/uploads/2021/03/apm-1-rotated-e1616321078700.jpeg",62,85,70,1,"2023-01-30 04:06:47","2023-01-30 04:06:47"
2682,"Halloween: H2O - Tyve år senere","halloween-h2o-tyve-aar-senere","Amerikansk gyserfilm fra 1998 instrueret af Steve Miner.
Michael Myers er tilbage i blodtørstig form, og han er stadig på jagt efter sin søster Laurie, der nu lever et anonymt liv med sin søn.
Medvirkende: Jamie Lee Curtis, Adam Arkin, Josh Hartnett.
Dansk biografpremiere 06.11.1998
","https://info.kinorevuen.dk/wp-content/uploads/2021/03/h2o-1-rotated-e1616321393172.jpeg",62,85,70,1,"2023-01-30 04:06:47","2023-01-30 04:06:47"
2683,"Under Angreb","under-angreb","Amerikansk action film fra 1998,  instrueret af Edward Zwick.
New York bliver belejret af egne tropper, da muslimske fundamentalister igen og igen terroriserer byen. Denzel Washington spiller FBI-chefen, der med livet som indsats vil opklare sagen, og Bruce Willis spiller øverstbefalende General for de amerikanske tropper.
Dansk biografpremiere 19.02.1999
","https://info.kinorevuen.dk/wp-content/uploads/2021/03/ua-rotated.jpeg",62,85,70,1,"2023-01-30 04:06:47","2023-01-30 04:06:47"
2684,"Det bli'r ikke bedre","det-blir-ikke-bedre","Amerikansk film fra 1997 som fortæller historien om den tvangsneurotiske, racistiske, homofobe forfatter Melvin Udall som, på grund af sin sygdom lever i en verden som er skrumpet ind til omtrent at være på størrelse med hans lejlighed og de bøger han skriver.
Medvirkende: Jack Nicholson, Helen Hunt, Greg Kinnear.
Dansk biografpremiere 20.02.1998
","https://info.kinorevuen.dk/wp-content/uploads/2021/03/dbib-rotated.jpeg",62,85,100,1,"2023-01-30 04:06:47","2023-01-30 04:06:47"
2685,"American History X","american-history-x","Amerikansk film fra 1997 som fortæller historien om den tvangsneurotiske, racistiske, homofobe forfatter Melvin Udall som, på grund af sin sygdom lever i en verden som er skrumpet ind til omtrent at være på størrelse med hans lejlighed og de bøger han skriver.
Medvirkende: Edward Norton, Edward Furlong, Fairuza Balk.
Dansk biografpremiere 12.02.1999
","https://info.kinorevuen.dk/wp-content/uploads/2021/03/ahx-rotated.jpeg",62,85,70,1,"2023-01-30 04:06:47","2023-01-30 04:06:47"
2686,"Søløve på Sjov","soeloeve-paa-sjov","Amerikansk familiefilm fra 1973. 
Dansk biografpremiere 18.10.1975
Plakaten har buk/folder samt små huller i hjørner fra nåle.
Filmplakaten bliver sendt foldet ,som den også engang blev leveret til biografen.
Plakaten bliver sendt i kraftig kuvert.
","https://info.kinorevuen.dk/wp-content/uploads/2021/03/pa-soe-rotated.jpeg",62,85,70,1,"2023-01-30 04:06:47","2023-01-30 04:06:47"
2687,"Armageddon","armageddon","Amerikansk katastrofe- og science fiction-film fra 1998. og handler om en gruppe borebisser, som sendes ud i verdensrummet af NASA for at forhindre en asteroide i at kollidere med Jorden.
Filmen er instrueret af Michael Bay og produceret af Jerry Bruckheimer.
&#8220;Armageddon&#8221; er spækket med kendte ansigter som Bruce Willis, Billy Bob Thornton, Ben Affleck, Liv Tyler, Steve Buscemi og Owen Wilson.
Dansk biografpremiere 10.07.1998
","https://info.kinorevuen.dk/wp-content/uploads/2021/03/a1-rotated.jpeg",62,85,225,1,"2023-01-30 04:06:47","2023-01-30 04:06:47"
2688,"Armageddon","armageddon-2","Amerikansk katastrofe- og science fiction-film fra 1998. og handler om en gruppe borebisser, som sendes ud i verdensrummet af NASA for at forhindre en asteroide i at kollidere med Jorden.
Filmen er instrueret af Michael Bay og produceret af Jerry Bruckheimer.
&#8220;Armageddon&#8221; er spækket med kendte ansigter som Bruce Willis, Billy Bob Thornton, Ben Affleck, Liv Tyler, Steve Buscemi og Owen Wilson.
Dansk biografpremiere 10.07.1998
","https://info.kinorevuen.dk/wp-content/uploads/2021/03/a2-rotated.jpeg",62,85,175,1,"2023-01-30 04:06:47","2023-01-30 04:06:47"
2689,"Hestehviskeren","hestehviskeren","Amerikansk dramafilm fra 1998 instrueret af og med Robert Redford i hovedrollen, baseret på romanen &#8220;The Horse Whisperer&#8221; fra 1995 af Nicholas Evans.
Medvirkende: Robert Redford, Kristin Scott Thomas, Sam Neill, Dianne Wiest, Scarlett Johansson, Chris Cooper.
Dansk biografpremiere 25.09.1998
","https://info.kinorevuen.dk/wp-content/uploads/2021/03/heste-1-rotated-e1616321245833.jpeg",62,85,150,1,"2023-01-30 04:06:47","2023-01-30 04:06:47"
2690,"Patch Adams","patch-adams-kopier","&#8220;Patch Adams&#8221; er en amerikansk komedie, dramafilm fra 1998 instrueret af Tom Shadyac.
Filmen er den sande historie om den kontroversielle Hunter Adams, der forsøger at overbevise øvrigheden og den samlede lægestand om, at et godt grin kurerer lige så godt som den skarpeste skalpel.
Medvirkende: Robin Williams, Monica Potter, Philip Seymour Hoffman, Bob Gunton, Daniel London og Peter Coyote.
Dansk biografpremiere 26.03.1999
","https://info.kinorevuen.dk/wp-content/uploads/2021/03/patch-rotated-e1616315155494.jpeg",62,85,100,0,"2023-01-30 04:06:47","2023-01-30 04:06:47"
2691,"Prinsen af Egypten","prinsen-af-egypten","En af Disneys hårdeste konkurrenter Dreamworks har lavet en tegnefilm over Bibelens Moses med vægt på hans tid i Egypten.
Dansk biografpremiere 25.12.1998
","https://info.kinorevuen.dk/wp-content/uploads/2021/03/prins-rotated.jpeg",62,85,125,1,"2023-01-30 04:06:47","2023-01-30 04:06:47"
2692,"Saving Private Ryan","saving-private-ryan","&#8220;Saving Private Ryan&#8221; er instrueret af Steven Spielberg, og er en barsk fortælling om en lille deling soldater, der sendes ud på en umulig mission bag fjendens linier.
Filmen indbragte Steven Spielberg en Oscar for Bedste instruktør.
Medvirkende: Tom Hanks, Edward Burns, Tom Sizemore.
Dansk biografpremiere 23.10.1998
","https://info.kinorevuen.dk/wp-content/uploads/2021/03/sav-rotated-e1616314961839.jpeg",62,85,150,1,"2023-01-30 04:06:47","2023-01-30 04:06:47"
2713,"My Darling Clementine","my-darling-clementine","Baseret på Stuart N. Lakes roman &#8220;Wyatt Earp, Frontier Marshall&#8221;.
Instruktør: John Ford.
Medvirkende: Henry Fonda, Linda Darnell, Victor Mature.
Dansk biografpremiere	15.12.1950
Plakaten har noget patina. buk/folder, små huller i hjørner fra nåle.
Filmplakaten bliver sendt foldet ,som den også engang blev leveret til biografen.
Plakaten bliver sendt i kraftig kuvert.
","https://info.kinorevuen.dk/wp-content/uploads/2021/03/mdclemen-rotated.jpeg",62,85,500,1,"2023-01-30 04:06:47","2023-01-30 04:06:47"
2716,"Helten fra Det vilde Vesten","helten-fra-det-vilde-vesten","Amerikansk animeret film fra 1965.
Instruktør: David Detiege
Dansk biografpremiere 12.10.1979
Plakaten har buk/folder samt små huller i hjørner fra nåle.
Filmplakaten bliver sendt foldet ,som den også engang blev leveret til biografen.
Plakaten bliver sendt i kraftig kuvert.
","https://info.kinorevuen.dk/wp-content/uploads/2021/03/helten-rotated.jpeg",62,85,200,1,"2023-01-30 04:06:47","2023-01-30 04:06:47"
2722,"På den igen Campister","paa-den-igen-campister","Britisk komediefilm fra 1969. 
Medvirkende: Sidney James, Charles Hawtrey, Joan Sims.
Dansk biografpremiere 15.06.1970
Plakaten har buk/folder samt små huller i hjørner fra nåle.
Filmplakaten bliver sendt foldet ,som den også engang blev leveret til biografen.
Plakaten bliver sendt i kraftig kuvert.
","https://info.kinorevuen.dk/wp-content/uploads/2021/03/pa-den-igen-campitser-rotated.jpeg",62,85,125,1,"2023-01-30 04:06:47","2023-01-30 04:06:47"
2726,"De Tossede Campister","paa-den-igen-campister-2","Britisk komediefilm fra 1975. 
Medvirkende: Elke Sommer, Kenneth Williams, Joan Sims.
Dansk biografpremiere 03.05.1976
Plakaten har buk/folder samt små huller i hjørner fra nåle.
Filmplakaten bliver sendt foldet ,som den også engang blev leveret til biografen.
Plakaten bliver sendt i kraftig kuvert.
","https://info.kinorevuen.dk/wp-content/uploads/2021/03/de-tossede-campister-rotated.jpeg",62,85,150,1,"2023-01-30 04:06:47","2023-01-30 04:06:47"
2727,"Roots Rock Reggae","roots-rock-reggae","&#8216;Roots Rock Reggae&#8217; skildrer et uforglemmeligt øjeblik i Jamaicas historie, da musik definerede øens kampe og udødeliggjorde dets helte.
Instruktør Jeremy Marre filmer Bob Marley and the Wailers, og Lee &#8216;Scratch&#8217; Perry optager i sit legendariske Black Ark-studie med The Upsetters.
Dansk biografpremiere 29.06.1979
Plakaten har buk/folder samt små huller i hjørner fra nåle.
Filmplakaten bliver sendt foldet ,som den også engang blev leveret til biografen.
Plakaten bliver sendt i kraftig kuvert.
","https://info.kinorevuen.dk/wp-content/uploads/2021/03/roots-rotated.jpeg",62,85,200,1,"2023-01-30 04:06:47","2023-01-30 04:06:47"
2728,"På den igen Doktor","paa-den-igen-doktor","Britisk komediefilm fra 1967. 
Medvirkende: Sidney James, Frankie Howard, Joan Sims.
Dansk biografpremiere 21.02.1969
Plakaten har buk/folder samt små huller i hjørner fra nåle.
Filmplakaten bliver sendt foldet ,som den også engang blev leveret til biografen.
Plakaten bliver sendt i kraftig kuvert.
","https://info.kinorevuen.dk/wp-content/uploads/2021/03/pa-den-igen-doktor-rotated.jpeg",62,85,125,1,"2023-01-30 04:06:47","2023-01-30 04:06:47"
2732,"Jesus Christ Superstar","jesus-christ-superstar","Efter Rockoperaen af Andrew Lloyd Webber &amp; Tim Rice. 
Medvirkende: Ted Neeley, Carl Anderson, Yvonne Elliman.
Dansk biografpremiere 30.10.1973
Plakaten har buk/folder samt små huller i hjørner fra nåle.
Filmplakaten bliver sendt foldet ,som den også engang blev leveret til biografen.
Plakaten bliver sendt i kraftig kuvert.
","https://info.kinorevuen.dk/wp-content/uploads/2021/03/jesus-chri-rotated.jpeg",62,85,350,1,"2023-01-30 04:06:47","2023-01-30 04:06:47"
2734,"Elsk... Din Næste","elsk-din-naeste","Efter Willy Breinholsts roman.
Medvirkende: Dirch Passer, Ove Sprogøe, Poul Bundgaard, Walter Giller, Ghita Nørby, Vivi Bak, Christina Schollin.
Dansk biografpremiere	01.09.1967
Bemærk! Litografisk tryk
Plakaten har buk/folder samt små huller i hjørner fra nåle.
Filmplakaten bliver sendt foldet ,som den også engang blev leveret til biografen.
Plakaten bliver sendt i kraftig kuvert.
","https://info.kinorevuen.dk/wp-content/uploads/2021/03/elsk-din-naeste-rotated.jpeg",62,85,450,1,"2023-01-30 04:06:47","2023-01-30 04:06:47"
2736,"White Buffalo","white-buffalo","Western film fra 1977, instrueret af J. Lee Thompson.
Medvirkende: Charles Bronson, Kim Novak, Jack Warden, Slim Pickens og Will Sampson.
Musik komponeret af: John Barry.
Dansk biografpremiere	25.10.1977
Plakaten har buk/folder, samt små huller i hjørner fra nåle.
Filmplakaten bliver sendt foldet ,som den også engang blev leveret til biografen.
Plakaten bliver sendt i kraftig kuvert.
","https://info.kinorevuen.dk/wp-content/uploads/2021/03/white-buffalo-rotated.jpeg",62,85,275,1,"2023-01-30 04:06:47","2023-01-30 04:06:47"
2738,"Den Røde Sol","den-roede-sol","Western-film fra 1971 instrueret af Terence Young.
Medvirkende: Charles Bronson, Toshiro Mifune, Alain Delon, Ursula Andress.
Dansk biografpremiere	25.02.1972
Plakaten har buk/folder, samt små huller i hjørner fra nåle.
Filmplakaten bliver sendt foldet ,som den også engang blev leveret til biografen.
Plakaten bliver sendt i kraftig kuvert.
","https://info.kinorevuen.dk/wp-content/uploads/2021/03/den-roede-sol-rotated.jpeg",62,85,325,1,"2023-01-30 04:06:47","2023-01-30 04:06:47"
2740,"Dynamit eller Dollars","dynamit-eller-dollars","Western-film fra 1971 instrueret af Andrew V. McLaglen.
Medvirkende: James Stewart, George Kennedy, Martin Strother.
Dansk biografpremiere	13.12.1971
Plakaten har buk/folder, samt små huller i hjørner fra nåle.
Filmplakaten bliver sendt foldet ,som den også engang blev leveret til biografen.
Plakaten bliver sendt i kraftig kuvert.
","https://info.kinorevuen.dk/wp-content/uploads/2021/03/dynamit-rotated.jpeg",62,85,350,1,"2023-01-30 04:06:47","2023-01-30 04:06:47"
2747,"Hitchcock","hitchcock","Anthony Hopkins (Ondskabens øjne) er sminket til ukendelighed og udstyret med et fatsuit for at ligne den engelske mesterinstruktør, imens Helen Mirren (The Queen) udfylder rollen som hans livs kærlighed og samarbejdspartner.
Derudover ses Scarlett Johansson som skuespillerinden Janet Leigh, Jessica Biel som dennes kollega og konkurrent Vera Miles, og James D&#8217;Arcy som Anthony Perkins, der spillede titelkarakteren Norman Bates i &#8216;Psycho&#8217; (1960).
Filmen blev nomineret til en Oscar for Bedste makeup.
Dansk biografpremiere	21.02.2013
","https://info.kinorevuen.dk/wp-content/uploads/2021/03/hitchcockpla.jpg",70,100,70,1,"2023-01-30 04:06:47","2023-01-30 04:06:47"
2751,"The Bourne Legacy","the-bourne-legacy","&#8216;The Bourne Legacy&#8217; følger op på handlingen i de tre succesrige film med Matt Damon som agent Jason Bourne. 
Dansk biografpremiere	16.08.2012
","https://info.kinorevuen.dk/wp-content/uploads/2021/03/bournelegacypla.jpg",70,100,50,1,"2023-01-30 04:06:47","2023-01-30 04:06:47"
2753,"Vilde Rolf","vilde-rolf","Disney står bag denne animerede familiefilm, der nostalgisk inddrager klassiske spilfigurer som Bowser (fra &#8216;Super Mario Bros.&#8217;) og M. Bison (fra &#8216;Street Fighter II&#8217;) . 
Dansk biografpremiere	07.02.2013
","https://info.kinorevuen.dk/wp-content/uploads/2021/03/vilderolfp.jpg",70,100,70,1,"2023-01-30 04:06:47","2023-01-30 04:06:47"
2755,"F for får 2: Fårmageddon","f-for-faar-2-faarmageddon","&#8216;F for får 2: Fårmageddon&#8217; bygger på karakterer fra tv-serien Aardman Animation, der er eksperter i stopmotion. Denne teknik kan også ses i Aardman-producerede film som  og Walter og Trofast &#8211; det store grøntsagskup og Flugten fra hønsegården.
Dansk biografpremiere	28.11.2019
","https://info.kinorevuen.dk/wp-content/uploads/2021/03/sf-farmageddon-pl.jpg",70,100,50,0,"2023-01-30 04:06:47","2023-01-30 04:06:47"
2758,"Far til Fire - tilbage til naturen","far-til-fire-tilbage-til-naturen","Alle de velkendte karakterer tilbage, og det er den femte af de nye Far til fire &#8211; film.
Dansk biografpremiere	06.10.2011
","https://info.kinorevuen.dk/wp-content/uploads/2021/03/tilbagetilnaturenpl.jpg",70,100,70,1,"2023-01-30 04:06:47","2023-01-30 04:06:47"
2762,"Scott Pilgrim mod verden","scott-pilgrim-mod-verden","‘Scott Pilgrim mod verden’ er en actionkomedie baseret på en kult-tegneserie.. 
Dansk biografpremiere	14.10.2010
","https://info.kinorevuen.dk/wp-content/uploads/2021/03/plakatscottpilg.jpg",70,100,50,1,"2023-01-30 04:06:47","2023-01-30 04:06:47"
2764,"Maleficent  (Teaser)","maleficent-teaser","Disney Pictures har baseret plottet og en stor del af produktionsdesignet på selskabets egen tegnefilm ’Tornerose’ fra 1959. Der blev det ikoniske billede af heksen med djævlehorn og blodrøde læber skabt, som Angelina Jolie fører videre i den nye film.. 
Dansk biografpremiere	29.05.2014
","https://info.kinorevuen.dk/wp-content/uploads/2021/03/malefi-teater-rotated.jpeg",70,100,100,5,"2023-01-30 04:06:47","2023-01-30 04:06:47"
2765,"Maleficent","maleficent","Disney Pictures har baseret plottet og en stor del af produktionsdesignet på selskabets egen tegnefilm ’Tornerose’ fra 1959. Der blev det ikoniske billede af heksen med djævlehorn og blodrøde læber skabt, som Angelina Jolie fører videre i den nye film.. 
Dansk biografpremiere	29.05.2014
","https://info.kinorevuen.dk/wp-content/uploads/2021/03/plk-maleficent.jpg",70,100,70,5,"2023-01-30 04:06:47","2023-01-30 04:06:47"
2769,"Dinner for Schmucks","dinner-for-schmucks","Jay Roach, Instruktøren af&#8217; &#8216;Austin Powers&#8217;- og &#8216;Meet the Parents&#8217;-filmene, står bag.
Medvirkende: Steve Carell, Paul Rudd, Zach Galifianakis. 
Dansk biografpremiere	23.09.2010
","https://info.kinorevuen.dk/wp-content/uploads/2021/03/plakatdinnerforschmu.jpg",70,100,30,1,"2023-01-30 04:06:47","2023-01-30 04:06:47"
2771,"Orla Frøsnapper  (Teaser)","orla-froesnapper-teaser","Dansk animationsfilm baseret på Ole Lund Kirkegaards populære børnebog.
Den er blevet filmatiseret en gang før i 1980 under titlen ’Lille Virgil og Orla Frøsnapper’.
Dansk biografpremiere	01.06.2011
","https://info.kinorevuen.dk/wp-content/uploads/2021/03/orla-f-teaser-plk.png",70,100,50,1,"2023-01-30 04:06:47","2023-01-30 04:06:47"
2773,"Sangklubben","sangklubben","&#8216;Sangklubben&#8217; handler om kvinderne på en militærbase i England og har Kristin Scott Thomas, Amy James-Kelly og Sharon Horgan i hovedrollerne.
bygger på virkelige hændelser, der gjorde græs-enkerne verdensberømte for deres optrædener.
Superstjernen Robbie Williams har skrevet musik til filmen.
Dansk biografpremiere	25.06.2020
","https://info.kinorevuen.dk/wp-content/uploads/2021/03/sangklubben-pl.jpg",70,100,40,1,"2023-01-30 04:06:47","2023-01-30 04:06:47"
2775,"Dronningen","dronningen","&#8216;Dronningen&#8217; er instrueret af May El-Toukhy og har Trine Dyrholm i den bærende titelrolle.
Filmen fik stor international opmærksomhed. Vandt publikumsprisen på Sundance Film Festival 2019 samt hovedprisen, publikumsprisen og skuespiller-prisen på Göteborg Film Festival. 
Dansk biografpremiere	28.03.2019
","https://info.kinorevuen.dk/wp-content/uploads/2021/03/plk-dronningen.jpg",70,100,40,0,"2023-01-30 04:06:47","2023-01-30 04:06:47"
2778,"Dronningen","dronningen-kopier","&#8216;Dronningen&#8217; er instrueret af May El-Toukhy og har Trine Dyrholm i den bærende titelrolle.
Filmen fik stor international opmærksomhed. Vandt publikumsprisen på Sundance Film Festival 2019 samt hovedprisen, publikumsprisen og skuespiller-prisen på Göteborg Film Festival. 
Dansk biografpremiere	28.03.2019
","https://info.kinorevuen.dk/wp-content/uploads/2021/03/dronningenplk.jpg",70,100,50,1,"2023-01-30 04:06:47","2023-01-30 04:06:47"
2780,"The Hunger Games","real-steel","Amerikansk science fiction-film fra 2012 instrueret af Gary Ross og baseret på romanen af samme navn af Suzanne Collins.
Medvirkende: Jennifer Lawrence.
Dansk biografpremiere	22.03.2012
","https://info.kinorevuen.dk/wp-content/uploads/2021/03/hungergamesplak.jpg",70,100,70,1,"2023-01-30 04:06:47","2023-01-30 04:06:47"
2782,"Johnny English Slår til igen","johnny-english-slaar-til-igen","Rowan Atkinson er tilbage i hovedrollen, som Johnny English.
Filmen og dens forgængere er bl.a. en parodi af den ikoniske James Bond-serie. Hovedkarakteren har også mange ligheder med Atkinsons populære Mr. Bean-karakter. 
Dansk biografpremiere	11.10.2018
","https://info.kinorevuen.dk/wp-content/uploads/2021/03/johnny-english-plk.jpg",70,100,50,1,"2023-01-30 04:06:47","2023-01-30 04:06:47"
2784,"Wallis &amp; Edward","wallis-edward","Fortællingen om en af verdenshistoriens mest berømte kærlighedsaffærer. 
Madonna har instrueret og selv skrevet filmens manuskript.  Filmen vandt desuden en Golden Globe for bedste originale sang.
Dansk biografpremiere	19.04.2012
","https://info.kinorevuen.dk/wp-content/uploads/2021/03/we-plk.jpg",70,100,50,1,"2023-01-30 04:06:47","2023-01-30 04:06:47"
2788,"Real Steel","real-steel-2","Amerikansk science-fiction sportsdramafilm fra 2011 med Hugh Jackman og Dakota Goyo i hovedrollerne og instrueret af Shawn Levy.  
Dansk biografpremiere	05.01.2012
","https://info.kinorevuen.dk/wp-content/uploads/2021/03/real-steel-pl.jpg",70,100,50,1,"2023-01-30 04:06:47","2023-01-30 04:06:47"
2789,"Kvinde på spring","kvinde-paa-spring","Amerikansk komediefilm med Sarah Jessica Parker og Pierce Brosnan.
&#8216;Kvinde på spring&#8217; er baseret på Allison Pearsons anmelderroste bestseller.
Dansk biografpremiere	27.10.2011
","https://info.kinorevuen.dk/wp-content/uploads/2021/03/kvinde-pa-plk.jpg",70,100,50,1,"2023-01-30 04:06:47","2023-01-30 04:06:47"
2791,"Piraterne","piraterne","&#8216;Piraterne&#8217; er den tredje claymation-spillefilm fra Aardman Animations efter &#8220;Flugten fra hønsegården&#8221;  og &#8220;Walter og Trofast &#8211; Det Store Grøntsagskup&#8221; (2005).
Dansk biografpremiere	29.03.2012
","https://info.kinorevuen.dk/wp-content/uploads/2021/03/piratesplk.jpg",70,100,50,1,"2023-01-30 04:06:47","2023-01-30 04:06:47"
2793,"Birdman","birdman","Instruktøren Alejandro González Iñárritu har med &#8216;Birdman&#8217; ikke blot lavet et af årets mest omtalte, kritikerroste samt prisvindede dramaer, men også et originalt værk, der er filmet, så det ligner én lang optagelse.
Hovedrollen spilles af Michael Keaton, hvis sorthumoristiske indsats  sikrede ham en Golden Globe-sejr. I yderligere roller ses Emma Stone og Edward Norton.
Dansk biografpremiere	22.01.2015
","https://info.kinorevuen.dk/wp-content/uploads/2021/03/birdmanplk.jpg",70,100,150,1,"2023-01-30 04:06:47","2023-01-30 04:06:47"
2797,"Huden Jeg bor i","huden-jeg-bor-i","Spansk film-drama, med Antonio Banderas i hovedrollen.
Instruktør og Manuskript: Pedro Almodóvar
Dansk biografpremiere	29.09.2011
","https://info.kinorevuen.dk/wp-content/uploads/2021/03/huden-jeg-bor-i-plk.jpg",70,100,40,2,"2023-01-30 04:06:47","2023-01-30 04:06:47"
2799,"Pirates of the Caribbean: I ukendt farvand (Teaser)","pirates-of-the-caribbean-i-ukendt-farvand-teaser","Disney og producenten Jerry Bruckheimer har igen skabt et storslået eventyr fuld af den velkendte humor, der har gjort serien så populær.
Johnny Depp er tilbage som kaptajn Jack Sparrow.  
Dansk biografpremiere	19.05.2011
","https://info.kinorevuen.dk/wp-content/uploads/2021/03/pirates-plk.jpg",70,100,100,2,"2023-01-30 04:06:47","2023-01-30 04:06:47"
2803,"Honning Margrethe og Eventyrhaven","honning-margrethe-og-eventyrhaven","Fransk børnefilm om søde og skrappe insekter.
&#8216;Honning Margrethe og eventyrhaven&#8217; er baseret på børnebogen af Antoon Krings, der også er en af filmens to instruktører.
Dansk biografpremiere	20.12.2018
","https://info.kinorevuen.dk/wp-content/uploads/2021/03/honning-margrethe-plk.jpg",70,100,50,1,"2023-01-30 04:06:47","2023-01-30 04:06:47"
2805,"Shoplifters","shoplifters","&#8216;Shoplifters&#8217; vandt Guldpalmen på Cannes Film Festival 2018, og er instrueret af den japanske mesterinstruktør Hirokazu Kore-eda, der altid har familien i centrum.
Dansk biografpremiere	11.10.2018
","https://info.kinorevuen.dk/wp-content/uploads/2021/03/shoplifter-plk.jpg",74,97,50,1,"2023-01-30 04:06:47","2023-01-30 04:06:47"
2807,"ID:A","ida","Dansk thriller fra 2011. instrueret af Christian E. Christiansen efter manuskript af Tine Krull Petersen.
Medvirkende: Tuva Novotny, Flemming Enevold, Jens Jørn Spottag, Carsten Bjørnlund, Marie Louise Wille.
Dansk biografpremiere	24.11.2011
","https://info.kinorevuen.dk/wp-content/uploads/2021/03/idanypl.jpg",70,100,70,1,"2023-01-30 04:06:47","2023-01-30 04:06:47"
2810,"Far til Fire - til søs","far-til-fire-til-soes","&#8216;Far til fire &#8211; til søs&#8217; er den sjette film i rækken, der er instrueret af Claus Bjerre og med Niels Olsen i rollen som Far.
Dansk biografpremiere	04.10.2012
","https://info.kinorevuen.dk/wp-content/uploads/2021/03/fartilfire6pla.jpg",70,100,70,5,"2023-01-30 04:06:47","2023-01-30 04:06:47"
2812,"Mødregruppen","moedregruppen","Dansk folkekomedie med en dramatisk bundklang. Instruktøren bag har tidligere lavet Kartellet samt tv-serier som &#8216;Nikolaj og Julie&#8217; og &#8216;Nynne&#8217;.
Medvirkende: Danica Curcic, Anders W. Berthelsen, Ditte Hansen, Martin Buch.
Instruktion: Charlotte Sachs Bostrup.
Dansk biografpremiere	07.02.2019
","https://info.kinorevuen.dk/wp-content/uploads/2021/03/moedregruppen-pla.jpg",70,100,50,5,"2023-01-30 04:06:47","2023-01-30 04:06:47"
2814,"Operation Argo","operation-argo","&#8216;Operation Argo&#8217; er baseret på virkelige hændelser skildret i artiklen &#8216;How the CIA Used a Fake Sci-Fi Flick to Rescue Americans from Teheran&#8217;.
Instruktion: Ben Affleck.
&#8216;Operation Argo&#8217; modtog tre Oscars, bl.a. for Bedste film og Bedste manuskript.
Dansk biografpremiere	08.11.2012
","https://info.kinorevuen.dk/wp-content/uploads/2021/03/argoplak.jpg",70,100,70,2,"2023-01-30 04:06:47","2023-01-30 04:06:47"
2816,"The Darkest Hour","the-darkest-hour","&#8216;The Darkest Hour&#8217; følger fem unge turister, som er strandet i Moskva, efter at verden er blevet angrebet af rumvæsner.
Dansk biografpremiere	12.01.2012
","https://info.kinorevuen.dk/wp-content/uploads/2021/03/tdh-plk.jpg",70,100,40,6,"2023-01-30 04:06:47","2023-01-30 04:06:47"
2818,"Oz: The Great and Powerful","oz-the-great-and-powerful","Amerikansk fantasy-eventyrfilm fra 2013 instrueret af Sam Raimi.
Medvirkende: James Franco, Mila Kunis, Rachel Weisz.
Dansk biografpremiere	07.03.2013
","https://info.kinorevuen.dk/wp-content/uploads/2021/03/oz-the-great-and-poplk.jpg",70,100,70,5,"2023-01-30 04:06:47","2023-01-30 04:06:47"
2820,"Hope Springs","hope-springs","&#8216;Hope Springs&#8217; er en blanding af romantisk drama og komedie.
Medvirkende: Meryl Streep, Tommy Lee Jones, Steve Carell.
Dansk biografpremiere 15.11.2012
","https://info.kinorevuen.dk/wp-content/uploads/2021/03/hope-s-plk.jpg",70,100,50,5,"2023-01-30 04:06:47","2023-01-30 04:06:47"
2822,"Min søsters børn på bryllupsrejse","min-soesters-boern-paa-bryllupsrejse","Fortsættelse af &#8216;Min søsters børn&#8217; (1966). i 1971 afsluttedes med en fjerde, &#8216;Min søsters børn når de er værst&#8217;.
Medvirkende: Axel Strøbye, Birgit Sadolin, Jeanne Darville, William Rosenberg.
Instruktør: Annelise Reenberg.
Dansk biografpremiere 13.10.1967
Litografisk tryk.
Plakaten har buk/folder samt små huller i hjørner fra nåle.
Filmplakaten bliver sendt foldet ,som den også engang blev leveret til biografen.
Plakaten bliver sendt i kraftig kuvert.
","https://info.kinorevuen.dk/wp-content/uploads/2021/03/msb-pb-plk-rotated.jpeg",62,85,475,1,"2023-01-30 04:06:47","2023-01-30 04:06:47"
2824,"Sidste nat med kliken","sidste-nat-med-kliken","Californien, 1962. En flok venner mødes, natten før de skal i gang med næste kapitel af deres liv. .
Medvirkende: Richard Dreyfuss, Ron Howard, Harrison Ford, Bob Hoskins.
Instruktør: George Lucas.
Dansk biografpremiere 	31.05.1974
Plakaten har buk/folder samt små huller i hjørner fra nåle.
Filmplakaten bliver sendt foldet ,som den også engang blev leveret til biografen.
Plakaten bliver sendt i kraftig kuvert.
","https://info.kinorevuen.dk/wp-content/uploads/2021/03/sidste-nat-med-kl-plk-rotated.jpeg",62,85,325,1,"2023-01-30 04:06:47","2023-01-30 04:06:47"
2829,"Spurven - La vie en rose","spurven-la-vie-en-rose","Filmen fortæller livshistorien om Edith Piaf, eller Spurven som hun også blev kaldt.
Omgivet af ludere, lommetyve og alfonser vokser Edith Piaf op uden penge og de store fremtidsudsigter. Men pigens fantastiske stemme og lidenskabelige koncerter gør hende efterhånden til en verdensstjerne.
Medvirkende: Marion Cotillard, Sylvie Testud, Gérard Depardieu.
Instruktion: Olivier Dahan.
Dansk biografpremiere 13.04.2007
","https://info.kinorevuen.dk/wp-content/uploads/2021/03/plakat-spurven.jpg",62,85,70,2,"2023-01-30 04:06:47","2023-01-30 04:06:47"
2831,"Tom &amp; Jerry Søren Spætte - For fuld udblæsning","tom-jerry-soeren-spaette-for-fuld-udblaesning","Dansk biografpremiere 	25.02.197??
Plakaten har buk/folder samt små huller i hjørner fra nåle.
Filmplakaten bliver sendt foldet ,som den også engang blev leveret til biografen.
Plakaten bliver sendt i kraftig kuvert.
","https://info.kinorevuen.dk/wp-content/uploads/2021/03/tom-og-jerry-soeren-s-for-fuld-udblaesn-pl-rotated.jpeg",62,85,150,1,"2023-01-30 04:06:47","2023-01-30 04:06:47"
2833,"Tom &amp; Jerry Søren Spætte - Vælter byen","tom-jerry-soeren-spaette-vaelter-byen","Dansk biografpremiere 	25.02.197??
Plakaten har buk/folder samt små huller i hjørner fra nåle.
Filmplakaten bliver sendt foldet ,som den også engang blev leveret til biografen.
Plakaten bliver sendt i kraftig kuvert.
","https://info.kinorevuen.dk/wp-content/uploads/2021/03/tom-og-jerry-soeren-vaelter-byen-rotated.jpeg",62,85,150,1,"2023-01-30 04:06:47","2023-01-30 04:06:47"
2835,"Sheriffen og Pebermøen","sheriffen-og-pebermoeen","Amerikansk westernfilm fra 1975 instrueret af Stuart Millar.
Medvirkende: John Wayne, Katharine Hepburn. 
Dansk biografpremiere  30.04.1976
Plakaten har buk/folder samt små huller i hjørner fra nåle.
Filmplakaten bliver sendt foldet ,som den også engang blev leveret til biografen.
Plakaten bliver sendt i kraftig kuvert.
","https://info.kinorevuen.dk/wp-content/uploads/2021/03/sheriffen-rotated.jpeg",62,85,225,1,"2023-01-30 04:06:47","2023-01-30 04:06:47"
2838,"Karate Kongen","karate-kongen","Dansk biografpremiere  197??
Plakaten har buk/folder samt små huller i hjørner fra nåle.
Filmplakaten bliver sendt foldet ,som den også engang blev leveret til biografen.
Plakaten bliver sendt i kraftig kuvert.
","https://info.kinorevuen.dk/wp-content/uploads/2021/03/karate-kongen-plk.jpg",62,85,325,0,"2023-01-30 04:06:47","2023-01-30 04:06:47"
2840,"Døden Lurer i Hyde Park","doeden-lurer-i-hyde-park","Medvirkende: Roger Moore, Marthe Hyer.
Instrueret af Alvin Rakoff.
Dansk biografpremiere  31.08.1970
Plakaten har buk/folder samt små huller i hjørner fra nåle.
Filmplakaten bliver sendt foldet ,som den også engang blev leveret til biografen.
Plakaten bliver sendt i kraftig kuvert.
","https://info.kinorevuen.dk/wp-content/uploads/2021/03/doeden-lurer-i-hyde-park-plk-rotated.jpeg",62,85,250,1,"2023-01-30 04:06:47","2023-01-30 04:06:47"
2843,"Silent Movie","silent-movie-org-amerikansk-plakat","Silent Movie er en amerikansk satirisk komediefilm fra 1976 skrevet og instrueret af  Mel Brooks.
Medvirkende: Mel Brooks, Marty Feldman, Dom DeLuise, Sid Caesar, Bernadette Peters, Paul Newman og Marcel Marceau.
Dansk biografpremiere  15.10.1976.
Original Amerikansk filmplakat fra 1976.  &#8211;  Plakat kunstner: John Alvin.
Plakaten har buk/folder
Filmplakaten bliver sendt foldet, i kraftig kuvert.
Om John Henry Alvin:
Amerikansk filmkunstner og maler, der illustrerede mange filmplakater.  John Alvin skabte plakater og nøglekunst til mere end 135 film, begyndende med plakaten til Mel Brooks &#8216; Blazing Saddles fra 1974 (Shreriffen skyder på det hele). Hans kunststil blev kendt som Alvinesque af venner og kolleger i underholdningsindustrien .
Alvins arbejde omfattede bla. filmplakaterne for ET the Extra-Terrestrial , Blade Runner , Gremlins , The Goonies , The Color Purple , The Little Mermaid , Batman Returns , Beauty and the Beast , Aladdin , The Lion King , Space Jam , The Emperor&#8217;s New Groove.
","https://info.kinorevuen.dk/wp-content/uploads/2021/03/silent-m-rotated.jpeg",63,95,400,1,"2023-01-30 04:06:47","2023-01-30 04:06:47"
2848,"Mary Poppins + 1 sæt Lobby cards - 8 stk","mary-poppins-1-saet-lobby-cards-9-stk","Filmmusical fra 1964 produceret af Disney-studierne. filmen er baseret på P.L. Travers&#8217; bogserie af samme navn og blev instrueret af Robert Stevenson. 
Medvirkende: Julie Andrews, Dick Van Dyke, Karen Dotrice, Matthew Garber.
Dansk biografpremiere  16.07.1965
Filmplakat &amp; 8 stk Lobby cards (str. 28&#215;35.5) sælges samlet (se varegalleri).
Plakaten har buk/folder samt små huller i hjørner fra nåle.
Filmplakaten bliver sendt foldet ,som den også engang blev leveret til biografen.
Plakat og Lobby cards bliver sendt i kraftig kuvert.
","https://info.kinorevuen.dk/wp-content/uploads/2021/03/img-1959.jpeg",62,85,850,1,"2023-01-30 04:06:47","2023-01-30 04:06:47"
2849,"Mary Poppins + 1 sæt Lobby cards - 8 stk","mary-poppins-1-saet-lobby-cards-9-stk-2","Filmmusical fra 1964 produceret af Disney-studierne. filmen er baseret på P.L. Travers&#8217; bogserie af samme navn og blev instrueret af Robert Stevenson. 
Medvirkende: Julie Andrews, Dick Van Dyke, Karen Dotrice, Matthew Garber.
Dansk biografpremiere  16.07.1965
Filmplakat &amp; 8 stk Lobby cards (str. 28&#215;35.5) sælges samlet (se varegalleri).
Plakaten har buk/folder samt små huller i hjørner fra nåle.
Filmplakaten bliver sendt foldet ,som den også engang blev leveret til biografen.
Plakat og Lobby cards bliver sendt i kraftig kuvert.
","https://info.kinorevuen.dk/wp-content/uploads/2021/03/img-1966.jpeg",62,85,1100,1,"2023-01-30 04:06:47","2023-01-30 04:06:47"
2851,"Anders And &amp; Co","anders-and-co","Walt Disney tegnefilmshow
Danske stemmer: Ove Sprogøe, Jesper klein.
Dansk biografpremiere  197??
Plakaten har buk/folder
Filmplakaten bliver sendt foldet, i kraftig kuvert.
","https://info.kinorevuen.dk/wp-content/uploads/2021/04/img-1953.jpeg",62,85,600,1,"2023-01-30 04:06:47","2023-01-30 04:06:47"
2855,"Alle kneb gælder","alle-kneb-gaelder","Efter en roman af Dan Jenkins.
Medvirkende: Burt Reynolds, Kris Kristofferson, Jill Clayburgh.
Instrueret af Michael Ritchie.
Dansk biografpremiere  01.09.1978
Plakaten har buk/folder samt små huller i hjørner fra nåle.
Filmplakaten bliver sendt foldet ,som den også engang blev leveret til biografen.
Plakaten bliver sendt i kraftig kuvert.
","https://info.kinorevuen.dk/wp-content/uploads/2021/04/alle-kneb.jpeg",60,84,225,1,"2023-01-30 04:06:47","2023-01-30 04:06:47"
2861,"Anders Ands Humørpiller","anders-and-co-2","Walt Disney tegnefilmshow
Dansk biografpremiere  197??
Plakaten har buk/folder
Filmplakaten bliver sendt foldet, i kraftig kuvert.
","https://info.kinorevuen.dk/wp-content/uploads/2021/04/img-1930.jpeg",62,85,550,1,"2023-01-30 04:06:47","2023-01-30 04:06:47"
2862,"Anders Ands Fødselsdags Show","anders-ands-foedselsdags-show","Walt Disney tegnefilmshow
Dansk biografpremiere 19??
Plakaten er monteret på lærred. har buk/folder samt små huller i hjørner fra nåle.
Filmplakaten bliver sendt foldet ,som den også engang blev leveret til biografen.
Plakaten bliver sendt i kraftig kuvert.
","https://info.kinorevuen.dk/wp-content/uploads/2021/04/nders-ands.jpeg",62,84,450,1,"2023-01-30 04:06:47","2023-01-30 04:06:47"
2866,"Anders And i det vilde vesten","anders-and-i-det-vilde-vesten","Walt Disney 
Danske stemmer: Ove Sprogøe, Jesper Klein, Claus Ryskjær.
Dansk biografpremiere 19??
Plakaten har buk/folder samt små huller i hjørner fra nåle.
Filmplakaten bliver sendt foldet ,som den også engang blev leveret til biografen.
Plakaten bliver sendt i kraftig kuvert.
","https://info.kinorevuen.dk/wp-content/uploads/2021/04/anders-and-i.jpeg",62,84,550,1,"2023-01-30 04:06:47","2023-01-30 04:06:47"
2868,"Aladdin","aladdin","Disney-udgave af folkeeventyret om Aladdin.
Dansk biografpremiere 19.11.1993
Plakaten har buk/folder samt små huller i hjørner fra nåle.
Filmplakaten bliver sendt foldet ,som den også engang blev leveret til biografen.
Plakaten bliver sendt i kraftig kuvert.
","https://info.kinorevuen.dk/wp-content/uploads/2021/04/aladin.jpeg",62,85,325,1,"2023-01-30 04:06:47","2023-01-30 04:06:47"
2870,"Oliver &amp; Co","oliver-co","Disney.
Inspireret af romanen &#8220;Oliver Twist&#8221; af Charles Dickens
Dansk biografpremiere 01.12.1989
Plakaten har buk/folder samt små huller i hjørner fra nåle.
Filmplakaten bliver sendt foldet ,som den også engang blev leveret til biografen.
Plakaten bliver sendt i kraftig kuvert.
","https://info.kinorevuen.dk/wp-content/uploads/2021/04/img-1937.jpeg",62,85,350,1,"2023-01-30 04:06:47","2023-01-30 04:06:47"
2872,"Fest og ballade med Anders And","fest-og-ballade-med-anders-and","Disney.
Dansk biografpremiere ??
Plakaten har buk/folder samt små huller i hjørner fra nåle.
Filmplakaten bliver sendt foldet ,som den også engang blev leveret til biografen.
Plakaten bliver sendt i kraftig kuvert.
","https://info.kinorevuen.dk/wp-content/uploads/2021/04/img-1928.jpeg",62,85,525,1,"2023-01-30 04:06:47","2023-01-30 04:06:47"
2874,"Stærke Viljer","staerke-viljer","Australsk krigsdramafilm fra 1980 instrueret af Bruce Beresford.
Dansk biografpremiere 19.12.1980
Plakaten har buk/folder samt små huller i hjørner fra nåle.
Filmplakaten bliver sendt foldet ,som den også engang blev leveret til biografen.
Plakaten bliver sendt i kraftig kuvert.
","https://info.kinorevuen.dk/wp-content/uploads/2021/04/staerke-viljer.jpeg",62,85,200,1,"2023-01-30 04:06:47","2023-01-30 04:06:47"
2879,"Mafiaen det er osse mig","mafiaen-det-er-osse-mig","Selvstændig fortsættelse af &#8220;Mig og mafiaen&#8221; (1973).
Instruktør: Henning Ørnbak
Manuskript: Lise Nørgaard.
Medvirkende: Dirch Passer, Freddy Albeck, Jytte Abildstrøm, Dick Kaysø.
Dansk biografpremiere 27.09.1974
Plakaten har buk/folder samt små huller i hjørner fra nåle.
Filmplakaten bliver sendt foldet ,som den også engang blev leveret til biografen.
Plakaten bliver sendt i kraftig kuvert.
","https://info.kinorevuen.dk/wp-content/uploads/2021/04/mafian-deom.jpeg",62,85,425,1,"2023-01-30 04:06:47","2023-01-30 04:06:47"
2881,"De røde enge","de-roede-enge","Efter Ole Juuls roman af samme navn (1945). 
Instruktør: Bodil Ipsen, Lau Lauritzen Jr.
Medvirkende: Poul Reichhardt, Lisbeth Movin, Lau Lauritzen Jr., Freddy Koch.
Dansk biografpremiere 26.12.1945
Plakaten har buk/folder samt små huller i hjørner fra nåle.
Filmplakaten bliver sendt foldet ,som den også engang blev leveret til biografen.
Plakaten bliver sendt i kraftig kuvert.
","https://info.kinorevuen.dk/wp-content/uploads/2021/04/de-roede-enge.jpeg",62,85,150,1,"2023-01-30 04:06:47","2023-01-30 04:06:47"
2884,"Asterix og hans gæve gallere","asterix-og-hans-gaeve-gallere","&#8220;Asterix og hans gæve gallere&#8221; (Astérix le Gaulois) er den første af otte tegnefilm med Asterix.
Tegnefilmen, der blev lanceret i 1967, er baseret på albummet af samme navn.
filmen var oprindelig planlagt lavet til fransk fjernsyn, men endte i stedet som en biograffilm. 
Danske stemmer: Ove Sprogøe, Jesper Klein, Dirch Passer, Ulf Pilgaard, Axel Strøbye.
Dansk biografpremiere 13.10.1972
Plakaten har buk/folder samt små huller i hjørner fra nåle.
Filmplakaten bliver sendt foldet ,som den også engang blev leveret til biografen.
Plakaten bliver sendt i kraftig kuvert.
","https://info.kinorevuen.dk/wp-content/uploads/2021/04/img-2026.jpeg",62,84,325,1,"2023-01-30 04:06:47","2023-01-30 04:06:47"
2887,"Tre finder en kro","tre-finder-en-kro","Holger Bechs oversættelse af John Drinkwaters komedie &#8220;Bird in hand&#8221; (1928, Dk. 1943).
Instruktør: Jon Iversen.
Medvirkende: Peter Malberg, Johannes Meyer, Preben Mahrt, Finn Lassen.
Dansk biografpremiere 21.09.1955
Plakaten har buk/folder samt små huller i hjørner fra nåle.
Filmplakaten bliver sendt foldet ,som den også engang blev leveret til biografen.
Plakaten bliver sendt i kraftig kuvert.
","https://info.kinorevuen.dk/wp-content/uploads/2021/04/img-1570.jpeg",62,85,225,1,"2023-01-30 04:06:47","2023-01-30 04:06:47"
2890,"Danmarks sønner","danmarks-soenner","Politisk thriller, der udspiller sig i år 2025, hvor København har været udsat for et stort bombeangreb.
&#8216;Danmarks sønner&#8217; er instrueret af den debuterende Ulaa Salim.
Medvirkende: Zaki Youssef, Mohammed Ismail Mohammed, Rasmus Bjerg.
Dansk biografpremiere	11.04.2019
","https://info.kinorevuen.dk/wp-content/uploads/2021/04/danmarks-soenner-plk.jpg",70,100,30,5,"2023-01-30 04:06:47","2023-01-30 04:06:47"
2894,"Big Hero 6","big-hero-6","Amerikansk computeranimationsfilm fra Disney.  filmen er baseret på serien af samme navn fra Marvel Comics. 
Dansk biografpremiere  29.01.2015
","https://info.kinorevuen.dk/wp-content/uploads/2021/04/big-hero-6plk.jpg",70,100,70,5,"2023-01-30 04:06:47","2023-01-30 04:06:47"
2896,"Hjem","hjem","Amerikansk Animationsfilm fra 2015.
Filmen er instrueret af Tim Johnson.  manden bag &#8220;Antz&#8221; og &#8220;Over hækken&#8221;. 
Dansk biografpremiere  26.03.2015
","https://info.kinorevuen.dk/wp-content/uploads/2021/04/hjem-plk.jpg",70,100,50,5,"2023-01-30 04:06:47","2023-01-30 04:06:47"
2898,"Livet skal leves","livet-skal-leves","’Livet skal leves’ er Jean-Luc Godard fjerde spillefilm og en film, der ofte omtales som hans hovedværk.
Michel Legrand står bag musikken. Anna Karina spiller den unge Nana, der forlader sin mand, søger omkring i storbyen Paris, filosoferer over eksistens, sprog og kærlighed for at ende i prostitution og destruktion.
Dansk biografpremiere 25.03.1963
Plakaten har en revne i midten i top.  buk/folder samt små huller i hjørner fra nåle.
Filmplakaten bliver sendt foldet ,som den også engang blev leveret til biografen.
Plakaten bliver sendt i kraftig kuvert.
","https://info.kinorevuen.dk/wp-content/uploads/2021/04/img-2053.jpeg",60,85,125,1,"2023-01-30 04:06:47","2023-01-30 04:06:47"
2900,"Al jordens herlighed","al-jordens-herlighed","Svensk historisk dramafilm fra 1953. instrueret af Rolf Husberg og med Ulla Jacobsson, Birger Malmsten og Kenne Fant i hovedrollen.
Filmen er baseret på romanen fra 1946 med samme titel af Margit Söderholm.
Dansk biografpremiere 21.06.1954
Plakaten har buk/folder samt små huller i hjørner fra nåle.
Filmplakaten bliver sendt foldet ,som den også engang blev leveret til biografen.
Plakaten bliver sendt i kraftig kuvert.
","https://info.kinorevuen.dk/wp-content/uploads/2021/04/al-jordens.jpeg",60,85,175,1,"2023-01-30 04:06:47","2023-01-30 04:06:47"
2904,"Abernes Planet: Revolutionen","abernes-planet-revolutionen","&#8216;Abernes Planet: Revolutionen&#8217;, foregår i en fremtid, hvor den hyperintelligente chimpanse, Caesar, leder en voksende nation af genetisk udviklede abekatte.
Instruktør: Matt Reeves.
Medvirkende: Gary Oldman, Jason Clarke, Andy Serkis.
Dansk biografpremiere	17.07.2014
","https://info.kinorevuen.dk/wp-content/uploads/2021/04/abernes-planet-pla.gif",70,100,70,3,"2023-01-30 04:06:47","2023-01-30 04:06:47"
2906,"Nobels testamente","nobels-testamente","Filmen er baseret på Liza Marklunds roman fra 2006 og instrueret af danske Peter Flinth (&#8216;Ørnens øje&#8217;og Arn-filmene).
Dansk biografpremiere	07.06.2012
","https://info.kinorevuen.dk/wp-content/uploads/2021/04/nobelsplakat.jpg",70,100,40,5,"2023-01-30 04:06:47","2023-01-30 04:06:47"
2908,"Paranorman","paranorman","Filmen er baseret på Liza Marklunds roman fra 2006 og instrueret af danske Peter Flinth (&#8216;Ørnens øje&#8217;og Arn-filmene).
Dansk biografpremiere	20.09.2012
","https://info.kinorevuen.dk/wp-content/uploads/2021/04/paranormanpl.jpg",70,100,50,4,"2023-01-30 04:06:47","2023-01-30 04:06:47"
2910,"Før vinterkulden","foer-vinterkulden","Daniel Auteuil er, sammen med landsmændene Gérard Depardieu og Jean Reno, blandt fransk films mest internationalt eksponerede og flittige skuespillere, og den 64-årige Daniel Auteuil har med ’Før vinterkulden’ sin 92. rolle på film eller tv. I det nye drama spiller han sammen med britiske Kristin Scott Thomas.
Dansk biografpremiere	30.10.2014
","https://info.kinorevuen.dk/wp-content/uploads/2021/04/foer-vinterkulden-plk.jpg",70,100,50,4,"2023-01-30 04:06:47","2023-01-30 04:06:47"
2912,"Klokkeblomst og legenden om ønskedyret","klokkeblomst-og-legenden-om-oenskedyret","Walt Disney.
Instrueret af Steve Loter.
Dansk biografpremiere	18.12.2014
","https://info.kinorevuen.dk/wp-content/uploads/2021/04/klokkeblomst-plk.jpg",70,100,70,4,"2023-01-30 04:06:47","2023-01-30 04:06:47"
2914,"Steppeulven","steppeulven","Det danske drama &#8216;Steppeulven&#8217; tager sin begyndelse i 1962, hvor den unge generation gør oprør efter amerikansk forbillede.
Instruktør: Ole Christian Madsen.
Medvirkende: Joachim Fjelstrup, Marie Tourell Søderberg, Christian Gade Bjerrum, Johannes Nymark.
Dansk biografpremiere	19.02.2015
","https://info.kinorevuen.dk/wp-content/uploads/2021/04/steppeulvenpla.jpg",70,100,100,3,"2023-01-30 04:06:47","2023-01-30 04:06:47"
2920,"Paddington","paddington","Den elskelige bjørn Paddington er tilbage i en charmerende, sjov og gennemsympatisk film. 
Dansk biografpremiere  15.01.2015
","https://info.kinorevuen.dk/wp-content/uploads/2021/04/paddington-pla.jpg",70,100,50,3,"2023-01-30 04:06:47","2023-01-30 04:06:47"
2922,"Den flyvende giljotine","den-flyvende-giljotine","Dansk biografpremiere  07.11.1975
Plakaten har buk/folder samt små huller i hjørner fra nåle.
Filmplakaten bliver sendt foldet ,som den også engang blev leveret til biografen.
Plakaten bliver sendt i kraftig kuvert.
","https://info.kinorevuen.dk/wp-content/uploads/2021/04/img-2169.jpeg",62,85,375,1,"2023-01-30 04:06:47","2023-01-30 04:06:47"
2925,"Karate tam-tam","karate-tam-tam","Dansk biografpremiere  21.07.1975
Plakaten har buk/folder samt små huller i hjørner fra nåle.
Filmplakaten bliver sendt foldet ,som den også engang blev leveret til biografen.
Plakaten bliver sendt i kraftig kuvert.
","https://info.kinorevuen.dk/wp-content/uploads/2021/04/img-2103.jpeg",62,85,325,1,"2023-01-30 04:06:47","2023-01-30 04:06:47"
2926,"Karatenæver af stål","karatenaever-af-staal","Dansk biografpremiere  21.07.1972
Plakaten har buk/folder samt små huller i hjørner fra nåle.
Filmplakaten bliver sendt foldet ,som den også engang blev leveret til biografen.
Plakaten bliver sendt i kraftig kuvert.
","https://info.kinorevuen.dk/wp-content/uploads/2021/04/img-2112.jpeg",62,85,325,1,"2023-01-30 04:06:47","2023-01-30 04:06:47"
2952,"Karate kommando","karate-kommando","Dansk biografpremiere  1976
Plakaten har buk/folder samt små huller i hjørner fra nåle.
Filmplakaten bliver sendt foldet ,som den også engang blev leveret til biografen.
Plakaten bliver sendt i kraftig kuvert.
","https://info.kinorevuen.dk/wp-content/uploads/2021/04/img-2096.jpeg",62,85,250,1,"2023-01-30 04:06:47","2023-01-30 04:06:47"
2954,"Kung Fu-brødrene karater Det Vilde Vesten","kung-fu-broedrene-karater-det-vilde-vesten","Dansk biografpremiere  26.05.1975
Plakaten har buk/folder samt små huller i hjørner fra nåle.
Filmplakaten bliver sendt foldet ,som den også engang blev leveret til biografen.
Plakaten bliver sendt i kraftig kuvert.
","https://info.kinorevuen.dk/wp-content/uploads/2021/04/img-2093.jpeg",62,85,175,1,"2023-01-30 04:06:47","2023-01-30 04:06:47"
2955,"Dragen hævner","dragen-haevner","Dansk biografpremiere  14.11.1977
Plakaten har buk/folder samt små huller i hjørner fra nåle.
Filmplakaten bliver sendt foldet ,som den også engang blev leveret til biografen.
Plakaten bliver sendt i kraftig kuvert.
","https://info.kinorevuen.dk/wp-content/uploads/2021/04/img-2120.jpeg",62,85,375,1,"2023-01-30 04:06:47","2023-01-30 04:06:47"
2956,"Yakuza - den hemmelige liga","yakuza-den-hemmelige-liga","Instruktør: Sydney Pollack
Medvirkende: Robert Mitchum, Ken Takakura, Eiji Okada.
Dansk biografpremiere  05.01.1976
Plakaten har buk/folder samt små huller i hjørner fra nåle.
Filmplakaten bliver sendt foldet ,som den også engang blev leveret til biografen.
Plakaten bliver sendt i kraftig kuvert.
","https://info.kinorevuen.dk/wp-content/uploads/2021/04/img-2094.jpeg",62,85,350,1,"2023-01-30 04:06:47","2023-01-30 04:06:47"
2957,"Borte med vesten","borte-med-vesten","Dansk biografpremiere  ?
Plakaten har buk/folder samt små huller i hjørner fra nåle.
Filmplakaten bliver sendt foldet ,som den også engang blev leveret til biografen.
Plakaten bliver sendt i kraftig kuvert.
","https://info.kinorevuen.dk/wp-content/uploads/2021/04/img-2088.jpeg",62,85,150,1,"2023-01-30 04:06:47","2023-01-30 04:06:47"
2958,"Dragen","dragen","Jackie Chan har både instrueret og spiller selv hovedrollen.
Dansk biografpremiere 17.01.1983
Plakaten har buk/folder samt små huller i hjørner fra nåle.
Filmplakaten bliver sendt foldet ,som den også engang blev leveret til biografen.
Plakaten bliver sendt i kraftig kuvert.
","https://info.kinorevuen.dk/wp-content/uploads/2021/04/img-2084.jpeg",62,85,300,1,"2023-01-30 04:06:47","2023-01-30 04:06:47"
2959,"Sexkilling med karatekløer","sexkilling-med-karatekloeer","Dansk biografpremiere  10.11.1978
Plakaten har buk/folder samt små huller i hjørner fra nåle.
Filmplakaten bliver sendt foldet ,som den også engang blev leveret til biografen.
Plakaten bliver sendt i kraftig kuvert.
","https://info.kinorevuen.dk/wp-content/uploads/2021/04/img-2085.jpeg",62,85,250,1,"2023-01-30 04:06:47","2023-01-30 04:06:47"
2960,"Hævnens næver","haevnens-naever","Dansk biografpremiere ?
Plakaten har buk/folder samt små huller i hjørner fra nåle.
Filmplakaten bliver sendt foldet ,som den også engang blev leveret til biografen.
Plakaten bliver sendt i kraftig kuvert.
","https://info.kinorevuen.dk/wp-content/uploads/2021/04/img-2081.jpeg",62,85,275,1,"2023-01-30 04:06:47","2023-01-30 04:06:47"
2961,"Leg med døden","leg-med-doeden","En fin kung fu-basker, men også den ultimativt mest bizarre Bruce Lee-film, fordi den 90 procent af tiden forsøger at skjule, at Bruce Lee i virkeligheden er død inden indspilningerne og blev spillet af to stand-ins med store solbriller og teaterskæg.
De sidste 12 minutters guddommelige action med den rigtige Bruce Lee er dog hele affæren værd.
Medvirkende: Bruce Lee, Gig Young, Dean Jagger.
Dansk biografpremiere 19.01.1979
Plakaten har buk/folder samt små huller i hjørner fra nåle.
Filmplakaten bliver sendt foldet ,som den også engang blev leveret til biografen.
Plakaten bliver sendt i kraftig kuvert.
","https://info.kinorevuen.dk/wp-content/uploads/2021/04/img-2083.jpeg",62,85,450,1,"2023-01-30 04:06:47","2023-01-30 04:06:47"
2962,"Østens amazoner","oestens-amazoner","Dansk biografpremiere 18.06.1973
Plakaten har buk/folder samt små huller i hjørner fra nåle.
Filmplakaten bliver sendt foldet ,som den også engang blev leveret til biografen.
Plakaten bliver sendt i kraftig kuvert.
","https://info.kinorevuen.dk/wp-content/uploads/2021/04/img-2134.jpeg",62,85,225,1,"2023-01-30 04:06:47","2023-01-30 04:06:47"
2963,"Dragen slår til igen!","dragen-slaar-til-igen","Instruktør: Bruce Lee.
Medvirkende: Bruce Lee, Chuck Norris.
Dansk biografpremiere 02.12.1974
Plakaten har buk/folder samt små huller i hjørner fra nåle.
Filmplakaten bliver sendt foldet ,som den også engang blev leveret til biografen.
Plakaten bliver sendt i kraftig kuvert.
","https://info.kinorevuen.dk/wp-content/uploads/2021/04/img-2121.jpeg",61,85,900,1,"2023-01-30 04:06:47","2023-01-30 04:06:47"
2964,"Karatenæver af stål","karatenaever-af-staal-2","Dansk biografpremiere  21.07.1972
Plakaten har buk/folder samt små huller i hjørner fra nåle.
Filmplakaten bliver sendt foldet ,som den også engang blev leveret til biografen.
Plakaten bliver sendt i kraftig kuvert.
","https://info.kinorevuen.dk/wp-content/uploads/2021/04/img-2137.jpeg",62,85,275,1,"2023-01-30 04:06:47","2023-01-30 04:06:47"
2965,"Dragens knytnæve","dragens-knytnaeve","Medvirkende: Bruce Lee, Jackie Chan.
Dansk biografpremiere 07.06.1976
Plakaten har buk/folder samt små huller i hjørner fra nåle.
Filmplakaten bliver sendt foldet ,som den også engang blev leveret til biografen.
Plakaten bliver sendt i kraftig kuvert.
","https://info.kinorevuen.dk/wp-content/uploads/2021/04/img-2132.jpeg",62,85,425,1,"2023-01-30 04:06:47","2023-01-30 04:06:47"
2966,"Dragen dør aldrig","dragen-doer-aldrig","Medvirkende: Bruce Lee.
Dansk biografpremiere 30.06.1975
Plakaten har buk/folder samt små huller i hjørner fra nåle.
Filmplakaten bliver sendt foldet ,som den også engang blev leveret til biografen.
Plakaten bliver sendt i kraftig kuvert.
","https://info.kinorevuen.dk/wp-content/uploads/2021/04/img-2105.jpeg",62,85,525,1,"2023-01-30 04:06:47","2023-01-30 04:06:47"
2967,"Bruce lee - offer for dødens slag","bruce-lee-offer-for-doedens-slag","Medvirkende: Bruce Lee.
Dansk biografpremiere 25.10.1976
Plakaten har buk/folder samt små huller i hjørner fra nåle.
Filmplakaten bliver sendt foldet ,som den også engang blev leveret til biografen.
Plakaten bliver sendt i kraftig kuvert.
","https://info.kinorevuen.dk/wp-content/uploads/2021/04/img-2117.jpeg",62,85,225,1,"2023-01-30 04:06:47","2023-01-30 04:06:47"
2968,"Bruce lee og jeg","bruce-lee-og-jeg","Dansk biografpremiere 09.05.1977
Plakaten har buk/folder samt små huller i hjørner fra nåle.
Filmplakaten bliver sendt foldet ,som den også engang blev leveret til biografen.
Plakaten bliver sendt i kraftig kuvert.
","https://info.kinorevuen.dk/wp-content/uploads/2021/04/img-2156.jpeg",62,85,225,1,"2023-01-30 04:06:47","2023-01-30 04:06:47"
2969,"Supernæven i aktion på dødsøen","supernaeven-i-aktion-paa-doedsoeen","Dansk biografpremiere 1977
Plakaten har buk/folder samt små huller i hjørner fra nåle.
Filmplakaten bliver sendt foldet ,som den også engang blev leveret til biografen.
Plakaten bliver sendt i kraftig kuvert.
","https://info.kinorevuen.dk/wp-content/uploads/2021/04/img-2110.jpeg",62,85,150,1,"2023-01-30 04:06:47","2023-01-30 04:06:47"
2970,"Karate Dronningen","karate-dronningen","Dansk biografpremiere 04.05.1973
Plakaten har buk/folder samt små huller i hjørner fra nåle.
Filmplakaten bliver sendt foldet ,som den også engang blev leveret til biografen.
Plakaten bliver sendt i kraftig kuvert.
","https://info.kinorevuen.dk/wp-content/uploads/2021/04/img-2161.jpeg",62,85,175,1,"2023-01-30 04:06:47","2023-01-30 04:06:47"
2971,"Karate - Duel  i Bangkok","karate-duel-i-bangkok","Dansk biografpremiere 17.07.1973
Plakaten har buk/folder samt små huller i hjørner fra nåle.
Filmplakaten bliver sendt foldet ,som den også engang blev leveret til biografen.
Plakaten bliver sendt i kraftig kuvert.
","https://info.kinorevuen.dk/wp-content/uploads/2021/04/img-2158.jpeg",62,85,200,1,"2023-01-30 04:06:47","2023-01-30 04:06:47"
2972,"Karatemesteren hævner","karatemesteren-haevner","Dansk biografpremiere 05.06.1978
Plakaten har buk/folder samt små huller i hjørner fra nåle.
Filmplakaten bliver sendt foldet ,som den også engang blev leveret til biografen.
Plakaten bliver sendt i kraftig kuvert.
","https://info.kinorevuen.dk/wp-content/uploads/2021/04/img-2154.jpeg",62,85,125,1,"2023-01-30 04:06:47","2023-01-30 04:06:47"
2973,"Karategangsterne","karategangsterne","Dansk biografpremiere 10.08.1973
Plakaten har buk/folder samt små huller i hjørner fra nåle.
Filmplakaten bliver sendt foldet ,som den også engang blev leveret til biografen.
Plakaten bliver sendt i kraftig kuvert.
","https://info.kinorevuen.dk/wp-content/uploads/2021/04/img-2149.jpeg",62,85,225,1,"2023-01-30 04:06:47","2023-01-30 04:06:47"
2974,"Karatehævneren","karatehaevneren","Dansk biografpremiere 05.09.1973
Plakaten har buk/folder samt små huller i hjørner fra nåle.
Filmplakaten bliver sendt foldet ,som den også engang blev leveret til biografen.
Plakaten bliver sendt i kraftig kuvert.
","https://info.kinorevuen.dk/wp-content/uploads/2021/04/img-2152.jpeg",62,85,300,1,"2023-01-30 04:06:47","2023-01-30 04:06:47"
2975,"Dragebanden","dragebanden","Dansk biografpremiere 28.02.1977
Plakaten har buk/folder samt små huller i hjørner fra nåle.
Filmplakaten bliver sendt foldet ,som den også engang blev leveret til biografen.
Plakaten bliver sendt i kraftig kuvert.
","https://info.kinorevuen.dk/wp-content/uploads/2021/04/img-2146.jpeg",62,85,275,1,"2023-01-30 04:06:47","2023-01-30 04:06:47"
2976,"Karatehævnerne fra Hong Kong","karatehaevnerne-fra-hong-kong","Dansk biografpremiere 29.04.1977
Plakaten har buk/folder samt små huller i hjørner fra nåle.
Filmplakaten bliver sendt foldet ,som den også engang blev leveret til biografen.
Plakaten bliver sendt i kraftig kuvert.
","https://info.kinorevuen.dk/wp-content/uploads/2021/04/img-2143.jpeg",62,85,300,1,"2023-01-30 04:06:47","2023-01-30 04:06:47"
2977,"Karatebanden","karatebanden","Dansk biografpremiere 04.05.1973
Plakaten har buk/folder samt små huller i hjørner fra nåle.
Filmplakaten bliver sendt foldet ,som den også engang blev leveret til biografen.
Plakaten bliver sendt i kraftig kuvert.
","https://info.kinorevuen.dk/wp-content/uploads/2021/04/img-2148.jpeg",62,85,175,1,"2023-01-30 04:06:47","2023-01-30 04:06:47"
2978,"San Andreas","san-andreas","Dwayne &#8220;The Rock&#8221; Johnson, har hovedrollen i actionfilmen &#8216;San Andreas&#8217;, hvor han har skiftet de hurtige biler fra Fast &amp; Furious-serien ud med en redningshelikopter.
Dansk biografpremiere  15.01.2015
","https://info.kinorevuen.dk/wp-content/uploads/2021/04/san-andreas-pla.jpg",70,100,50,3,"2023-01-30 04:06:47","2023-01-30 04:06:47"
2982,"Journal 64","journal-64","Thrilleren &#8216;Journal 64&#8217; er den fjerde film baseret på Jussi Adler-Olsens bestseller bøger om Afdeling Q.
Dansk biografpremiere  04.10.2018
","https://info.kinorevuen.dk/wp-content/uploads/2021/04/journal-64.jpg",70,100,50,3,"2023-01-30 04:06:47","2023-01-30 04:06:47"
2984,"I am number four","i-am-number-four","&#8216;I Am Number Four&#8217; har elementer fra både ’Twilight’ til ’X-Men’ og er instrueret af D. J. Caruso, bedst kendt for sin Hitchcock-inspirerede thriller ’Disturbia’.
Dansk biografpremiere  17.03.2011
","https://info.kinorevuen.dk/wp-content/uploads/2021/04/iamnumberfournplk.jpg",70,100,40,1,"2023-01-30 04:06:47","2023-01-30 04:06:47"
2986,"Vagabonderne paa bakkegaarden","vagabonderne-paa-bakkegaarden","Filmen er bl.a. kendt for at Poul Reichhardt synger &#8220;Er du dus med himlens fugle&#8221;.
Instruktør: Alice O&#8217;Fredericks.
Medvirkende: Poul Reichhardt, Ib Mossin, Christian Arhoff, Astrid Villaume.
Dansk biografpremiere 18.12.1958
Plakaten har buk/folder samt små huller i hjørner fra nåle.
Filmplakaten bliver sendt foldet ,som den også engang blev leveret til biografen.
Plakaten bliver sendt i kraftig kuvert.
","https://info.kinorevuen.dk/wp-content/uploads/2021/04/img-2181.jpeg",62,85,275,0,"2023-01-30 04:06:47","2023-01-30 04:06:47"
2988,"Nøglen til Paradis","noeglen-til-paradis","Dansk film fra 1970. Manuskript Aage Stentoft. Instruktion Sven Methling jun. 
Medvirkende: John Larsen Lone Lindorff Dirch Passer Lone Hertz Jørgen Ryg Else Marie Hansen Preben Mahrt Vera Gebuhr Jørgen Kiil Sisse Reingaard Emil Hass Christensen Bjørn Puggaard-Müller.
Dansk biografpremiere 24.08.1970
Plakaten har buk/folder samt små huller i hjørner fra nåle.
Filmplakaten bliver sendt foldet ,som den også engang blev leveret til biografen.
Plakaten bliver sendt i kraftig kuvert.
","https://info.kinorevuen.dk/wp-content/uploads/2021/04/img-2177.jpeg",62,85,250,1,"2023-01-30 04:06:47","2023-01-30 04:06:47"
2990,"Giften i kroppen","giften-i-kroppen","Amerikansk gyser fra 1969. instrueret af Mark Robson og med Carol White, Paul Burke og Scott Hylands i hovedrollen. 
Dansk biografpremiere 11.08.1969
Plakaten har buk/folder samt små huller i hjørner fra nåle.
Filmplakaten bliver sendt foldet ,som den også engang blev leveret til biografen.
Plakaten bliver sendt i kraftig kuvert.
","https://info.kinorevuen.dk/wp-content/uploads/2021/04/img-2196.jpeg",62,85,325,1,"2023-01-30 04:06:47","2023-01-30 04:06:47"
2992,"Babettes gæstebud","babettes-gaestebud","Filmen &#8220;Babettes Gæstebud&#8221; har modtaget en række filmpriser heriblandt en Robert for årets kvindelige hovedrolle til skuespillerinde Stéphane Audran i 1988 og BAFTA-prisen for bedste udenlandske film i 1988. Endvidere blev den som første film i dansk filmhistorie præmieret med en Oscar for bedste fremmedsprogede film i 1987.  
Instruktør: Gabriel Axel
Medvirkende: Stéphane Audran, Bodil Kjer, Ebbe Rode, Lisbet Movin, Jarl Kulle, Holger Perfort, Axel Strøbye, Lars Lohmann. 
Dansk biografpremiere 28.08.1987
Plakaten har buk/folder samt små huller i hjørner fra nåle.
Filmplakaten bliver sendt foldet ,som den også engang blev leveret til biografen.
Plakaten bliver sendt i kraftig kuvert.
","https://info.kinorevuen.dk/wp-content/uploads/2021/04/img-2183.jpeg",62,85,375,1,"2023-01-30 04:06:47","2023-01-30 04:06:47"
2995,"American sniper","american-sniper","’American Sniper’ er baseret på Chris Kyles autobiografi, der reflekterer over en militærkarriere med rekorden for flest bekræftede drab på cv’et. Bradley Coopers præstation som titelkarakteren er blevet kaldt skuespillerens hidtil stærkeste. Clint Eastwood har instrueret.
Dansk biografpremiere  22.01.2015
","https://info.kinorevuen.dk/wp-content/uploads/2021/04/american-sniper-pla.jpeg",70,100,40,1,"2023-01-30 04:06:47","2023-01-30 04:06:47"
2997,"The lady","the-lady","&#8216;The Lady&#8217; er instrueret af franske Luc Besson.
Filmen fortæller den sande historie om Aung San Suu Kyi, der risikerer sit liv for at slippe af med militærstyret og demokratisere Burma.
Dansk biografpremiere  26.04.2012
","https://info.kinorevuen.dk/wp-content/uploads/2021/04/theladypla.jpeg",70,100,40,4,"2023-01-30 04:06:47","2023-01-30 04:06:47"
2999,"Maria Brauns ægteskab","maria-brauns-aegteskab","Tysk spillefilm fra 1979 instrueret af Rainer Werner Fassbinder med Hanna Schygulla i hovedrollen. 
Dansk biografpremiere 18.12.1979
Plakaten har buk/folder samt små huller i hjørner fra nåle.
Filmplakaten bliver sendt foldet ,som den også engang blev leveret til biografen.
Plakaten bliver sendt i kraftig kuvert.
","https://info.kinorevuen.dk/wp-content/uploads/2021/04/img-2192.jpeg",62,85,175,1,"2023-01-30 04:06:47","2023-01-30 04:06:47"
3000,"De kaldte hende Sarah","de-kaldte-hende-sarah","Hovedrollen i &#8216;De kaldte hende Sarah&#8217;, som journalisten der opdager den frygtelige hemmelighed, spilles af Kristin Scott Thomas.
Dansk biografpremiere  24.03.2011
","https://info.kinorevuen.dk/wp-content/uploads/2021/04/sarahskeydkpl.jpeg",70,100,40,2,"2023-01-30 04:06:47","2023-01-30 04:06:47"
3002,"The Expendables","the-expendables","Sylvester Stallone har i dobbeltrollen som instruktør og skuespiller samlet sit eget team af eksperter til at befolke &#8216;The Expendables&#8217;, bl.a. actionstjerner som Jason Statham, Jet Li og Dolph Lundgren, Mickey Rourke, Bruce Willis.
Dansk biografpremiere  12.08.2010
","https://info.kinorevuen.dk/wp-content/uploads/2021/04/img-2265.jpeg",70,100,70,0,"2023-01-30 04:06:47","2023-01-30 04:06:47"
3013,"En due sad på en gren og funderede over tilværelsen","en-due-sad-paa-en-gren-og-funderede-over-tilvaerelsen","Filmen er sidste del af Roy Anderssons trilogi om &#8220;det at være menneske&#8221;. De to første var Sange fra anden sal og Du levende. Og i lighed med forgængerne består den absurde komedie af en række faste kameraindstillinger, der lægger op til, at tilskueren selv undersøger billedet for finurlige detaljer og kreative påfund.
&#8216;En due sad på en gren og funderede over tilværelsen&#8217; blev hædret med Guldløven i Venedig.
Dansk biografpremiere  12.03.2015
","https://info.kinorevuen.dk/wp-content/uploads/2021/04/en-due-sad-pla.jpeg",70,100,40,3,"2023-01-30 04:06:47","2023-01-30 04:06:47"
3015,"Rosita","rosita","Dramaet &#8216;Rosita&#8217; foregår i en lille dansk by ved havet, hvor udsigten til en fremtid for ungdommen ligger i de respektive jobs i fiskeindustrien.
Medvirkende: Mikkel Boe Følsgaard, Jens Albinus.
Dansk biografpremiere  16.04.2015
","https://info.kinorevuen.dk/wp-content/uploads/2021/04/rosita-plakat.jpeg",70,100,20,5,"2023-01-30 04:06:47","2023-01-30 04:06:47"
3017,"It del 2","it-del-2-2","Gyserfilmen &#8216;It del 2&#8217; (It: Chapter Two) er efterfølgeren til den populære filmatisering af Stephen Kings roman &#8220;It&#8221;.
Dansk biografpremiere  05.09.2019
","https://info.kinorevuen.dk/wp-content/uploads/2021/04/it-del-2-plk.jpeg",70,100,70,4,"2023-01-30 04:06:47","2023-01-30 04:06:47"
3020,"Gøg og Gokke","goeg-og-gokke","Hovedrollerne i &#8216;Gøg og Gokke&#8217; spilles med vanvittig lighed af to garvede komikere. John C. Reilly spiller den korporlige charmør, Oliver Hardy, mens Steve Coogan ses som den letbende og mere skrøbelige Stan Laurel. 
Filmen løfter sløret for et ret ukendt kapitel i de to legendariske filmstjerners liv, hvor publikum både får et kærligt gensyn med deres særegne komik, men samtidig også får lov til at forstå dynamikken mellem det umage makkerpar på godt og ondt. 
Dansk biografpremiere  25.04.2019
","https://info.kinorevuen.dk/wp-content/uploads/2021/04/gog-og-gokke-plk.jpeg",70,100,70,2,"2023-01-30 04:06:47","2023-01-30 04:06:47"
3022,"Gemini man","gemini-man","Filmens instruktør Ang Lee står tidligere bag bl.a. &#8220;Life of Pi&#8221; og &#8220;Brokeback Mountain&#8221;. 
Dansk biografpremiere  10.10.2019
","https://info.kinorevuen.dk/wp-content/uploads/2021/04/gemini-man-pla.jpeg",70,100,70,2,"2023-01-30 04:06:47","2023-01-30 04:06:47"
3025,"Valhalla","valhalla","&#8216;Valhalla&#8217; er baseret på Peter Madsens tegneserier samt den populære tegnefilm fra 1986 og handler om de nordiske guder.
Medvirkende: Roland Møller, Jacob Lohmann, Ali Sivandi, Stine Fischer Christensen.
Dansk biografpremiere  10.10.2019
","https://info.kinorevuen.dk/wp-content/uploads/2021/04/valhalla-plakat.jpeg",70,100,30,6,"2023-01-30 04:06:47","2023-01-30 04:06:47"
3026,"Kollision","kollision","Dansk drama med Nikolaj Lie Kaas og Cecilie Stenspil i hovedrollerne.
Dansk biografpremiere  31.10.2019
","https://info.kinorevuen.dk/wp-content/uploads/2021/04/kollision-plakat.jpeg",70,100,30,6,"2023-01-30 04:06:47","2023-01-30 04:06:47"
3028,"Lincoln","lincoln","Steven Spielberg har researchet til filmen i 12 år, og tager med sit historiske drama om sit lands 16. præsident og slaveriets ophævelse fat på et så vigtigt kapitel i amerikansk historie.
&#8216;Lincoln&#8217; modtog to Oscar-statuetter for Bedste mandlige hovedrolle (Daniel Day-Lewis) og Bedste produktionsdesign.
Dansk biografpremiere  31.01.2013
","https://info.kinorevuen.dk/wp-content/uploads/2021/04/lincolnplakat.jpeg",70,100,70,2,"2023-01-30 04:06:47","2023-01-30 04:06:47"
3030,"Pokémon Detective Pikachu","pokemon-detective-pikachu","&#8216;POKÉMON Detective Pikachu&#8217; bygger på Satoshi Tajiris fænomenale Pokémon-univers, mens handlingen er baseres på Nintendo-spillet &#8216;Great Detective Pikachu&#8217;.
Dansk biografpremiere  09.05.2019
","https://info.kinorevuen.dk/wp-content/uploads/2021/04/detective-pikachu-plakat.jpeg",70,100,50,5,"2023-01-30 04:06:47","2023-01-30 04:06:47"
3032,"Den sidste gentleman","den-sidste-gentleman","&#8216;Den sidste gentleman&#8217; er både en kupkrimi, en komedie og et kærlighedsdrama på én og samme tid. Bankrøveren spilles af den legendariske skuespiller Robert Redford, der selv har udtalt, at det bliver hans sidste rolle. 
Dansk biografpremiere  04.04.2019
","https://info.kinorevuen.dk/wp-content/uploads/2021/04/den-sidste-gr-dk.jpeg",70,100,50,4,"2023-01-30 04:06:47","2023-01-30 04:06:47"
3034,"Agent 007 - GoldenEye","agent-007-goldeneye","Stor flot plakat til dekoration.
Original filmplakat på lærred (rullet)
Størrelse: b: 96,5 &#8211; h: 2.00
Plakaten har været brugt til udstilling, og har små huller i hjørner fra nåle.
flot stand.
Dansk biografpremiere  26.01.1996
","https://info.kinorevuen.dk/wp-content/uploads/2021/04/img-2311.jpeg",97,2,3400,1,"2023-01-30 04:06:47","2023-01-30 04:06:47"
3045,"Seven","seven-2","Stor flot plakat til dekoration.
Original filmplakat (rullet)
Størrelse: b: 96,5 &#8211; h: 2.00
Plakaten har været brugt til udstilling, og har små huller i hjørner fra nåle.
flot stand.
Dansk biografpremiere  08.03.1996
","https://info.kinorevuen.dk/wp-content/uploads/2021/04/img-2303.jpeg",97,2,1200,1,"2023-01-30 04:06:47","2023-01-30 04:06:47"
3047,"Tintin: Enhjørningens hemmelighed","tintin-enhjoerningens-hemmelighed","Stor flot plakat til dekoration.
Rullet filmplakat.
Størrelse: b: 96,5 &#8211; h: 2.00
Plakaten har været brugt til udstilling, og har små huller i hjørner fra nåle.
Dansk biografpremiere  27.10.2011
","https://info.kinorevuen.dk/wp-content/uploads/2021/04/img-2306.jpeg",97,2,500,0,"2023-01-30 04:06:47","2023-01-30 04:06:47"
3050,"Verden ifølge Garp","verden-ifoelge-garp","Beretning om Garp, fra hans barndom til manddommen, hans kærlighed, hans karriere, hans drømme og hans død for en feminists kugle.
Efter roman af John Irving.
Instruktør: George Roy Hill.
Medvirkende: Robin Williams, Mary Beth Hurt, Glenn Close, John Lithgow. 
Dansk biografpremiere 28.01.1983
Plakaten har buk/folder samt små huller i hjørner fra nåle.
Filmplakaten bliver sendt foldet ,som den også engang blev leveret til biografen.
Plakaten bliver sendt i kraftig kuvert.
","https://info.kinorevuen.dk/wp-content/uploads/2021/04/0.jpg",62,85,300,1,"2023-01-30 04:06:47","2023-01-30 04:06:47"
3052,"Alien 3","alien-3","Tredje kapitel i gyserhistorien om officer Ripley og hendes kamp mod bestialske rum-monstre. .
Instruktør: David Fincher.
Medvirkende: Sigourney Weaver, Charles S. Dutton, Charles Dance. 
Dansk biografpremiere 29.08.1992
Plakaten har buk/folder samt små huller i hjørner fra nåle.
Filmplakaten bliver sendt foldet ,som den også engang blev leveret til biografen.
Plakaten bliver sendt i kraftig kuvert.
","https://info.kinorevuen.dk/wp-content/uploads/2021/04/0-1.jpg",62,85,375,1,"2023-01-30 04:06:47","2023-01-30 04:06:47"
3054,"Alien - den 8. passager","alien-den-8-passager","Filmen er en science fiction/horror-film fra 1979 instrueret af Ridley Scott.  bygget på en historie af Dan O&#8217;Bannon og Ronald Shusett.
&#8216;Alien &#8211; den 8. passager&#8217; har for længst indtaget sin plads på hylden over moderne films store klassikere.
Medvirkende: Sigourney Weaver, Tom Skerritt, Veronica Cartwright, John Hurt.
Dansk biografpremiere 12.10.1979
Plakaten har buk/folder samt små huller i hjørner fra nåle.
Filmplakaten bliver sendt foldet ,som den også engang blev leveret til biografen.
Plakaten bliver sendt i kraftig kuvert.
","https://info.kinorevuen.dk/wp-content/uploads/2021/04/0-2.jpg",62,85,1200,1,"2023-01-30 04:06:47","2023-01-30 04:06:47"
3057,"Aliens - det endelige opgør","aliens-det-endelige-opgoer","Efter story af James Cameron, David Giler &amp; Walter Hill..
Instruktør: James Cameron.
Medvirkende: Sigourney Weaver, Carrie Henn, Michael Biehn.
Dansk biografpremiere 31.10.1986
Plakaten har buk/folder samt små huller i hjørner fra nåle.
Filmplakaten bliver sendt foldet ,som den også engang blev leveret til biografen.
Plakaten bliver sendt i kraftig kuvert.
","https://info.kinorevuen.dk/wp-content/uploads/2021/04/0-3.jpg",62,85,800,1,"2023-01-30 04:06:47","2023-01-30 04:06:47"
3587,"Jagtsæson","jagtsaeson","&#8216;Jagtsæson&#8217; er instrueret af Tilde Harkamp og skrevet af folkene bag de succesfulde Klassefesten-film.
Medvirkende: Mille Dinesen, Lærke Winther, Stephania Potalivo, Lars Ranthe.
Dansk biografpremiere  03.10.2019
","https://info.kinorevuen.dk/wp-content/uploads/2021/05/jagtsaeson-plakat.jpeg",70,100,40,5,"2023-01-30 04:06:47","2023-01-30 04:06:47"
3591,"Cold Pursuit","cold-pursuit","&#8216;Cold Pursuit&#8217; er en genindspilning af den norske film Kraftidioten (In Order of Disappearance), der er skrevet af danske Kim Fupz Aakeson. 
Dansk biografpremiere  28.02.2019
","https://info.kinorevuen.dk/wp-content/uploads/2021/05/cold-pursuit-plakat.jpeg",70,100,50,5,"2023-01-30 04:06:47","2023-01-30 04:06:47"
3593,"Shorta","shorta","Dansk spillefilm fra 2020 instrueret af Anders Ølholm og Frederik Louis Hviid
Dansk biografpremiere  08.10.2020
","https://info.kinorevuen.dk/wp-content/uploads/2021/05/shortaposter.jpeg",70,100,50,3,"2023-01-30 04:06:47","2023-01-30 04:06:47"
3595,"Doktor Zivago","doktor-zivago","Doktor Zhivago foregår i Moskva under Første Verdenskrig og de store omvæltninger i Rusland i perioden 1905-21, hvor den russiske revolution og den efterfølgende borgerkrig dominerer hverdagen. Omar Sharif spiller den medicinstuderende Yuri Zhivago.
Medvirkende: Omar Sharif, Geraldine Chaplin, Julie Christie.
Dansk biografpremiere 06.10.1966
Plakaten har buk/folder samt små huller i hjørner fra nåle.
Filmplakaten bliver sendt foldet ,som den også engang blev leveret til biografen.
Plakaten bliver sendt i kraftig kuvert.
","https://info.kinorevuen.dk/wp-content/uploads/2021/05/img-1595.jpeg",62,85,650,1,"2023-01-30 04:06:47","2023-01-30 04:06:47"
3601,"Olsen Banden går i krig","olsen-banden-gaar-i-krig","Nr. ti i serien om Olsen-banden.
En række scener foregår i tårnet på Københavns Rådhus. I filmens berømteste scene står Egon Olsen bagbundet uden på rådhusuret.
Instruktør: Erik Balling.
Manuskript: Erik Balling, Henning Bahs.
Medvirkende: Ove Sprogøe, Morten Grunwald, Poul Bundgaard, Kirsten Walther.
Dansk biografpremiere 06.10.1978
Original plakat.
Plakaten har buk/folder samt små huller i hjørner fra nåle.
Filmplakaten bliver sendt foldet ,som den også engang blev leveret til biografen.
Plakaten bliver sendt i kraftig kuvert.
","https://info.kinorevuen.dk/wp-content/uploads/2021/05/image1-rotated.jpeg",62,85,1800,1,"2023-01-30 04:06:47","2023-01-30 04:06:47"
3632,"Soldaterkammerater rykker ud","soldaterkammerater-rykker-ud","Medvirkende: Ebbe Langberg, Klaus Pagh, Poul Hagen, Dirch Passer, kjeld Petersen, Preben Kaas, Carl Ottosen, Vivi Bak.
Dansk biografpremiere 09.10.1959
Original plakat.
Plakaten har buk/folder samt små huller i hjørner fra nåle.
Filmplakaten bliver sendt foldet ,som den også engang blev leveret til biografen.
Plakaten bliver sendt i kraftig kuvert.
","https://info.kinorevuen.dk/wp-content/uploads/2021/06/image0-1-rotated.jpeg",62,85,400,1,"2023-01-30 04:06:47","2023-01-30 04:06:47"
3635,"Soldaterkammerater på vagt","soldaterkammerater-paa-vagt","Medvirkende: Ebbe Langberg, Poul Hagen, Louis Miehe Renard, Preben Kaas, Carl Ottosen.
Dansk biografpremiere 07.10.1960
Plakaten har buk/folder samt små huller i hjørner fra nåle.
Filmplakaten bliver sendt foldet ,som den også engang blev leveret til biografen.
Plakaten bliver sendt i kraftig kuvert.
","https://info.kinorevuen.dk/wp-content/uploads/2021/06/image0-2-rotated.jpeg",62,85,300,1,"2023-01-30 04:06:47","2023-01-30 04:06:47"
3638,"Agent 007 - Never say never again","agent-007-never-say-never-again","Den aldrende 007 hentes tilbage til aktiv tjeneste for at uskadeliggøre forbryderorganisationen &#8220;Spectre&#8221;, hvis leder vil afpresse den vestlige verden store pengesummer med truslen om at sprænge en atombombe.
Medvirkende: Sean Connery, Klaus Maria Brandauer, Max Von Sydow, Kim Basinger.
Dansk biografpremiere 20.01.1984
Original plakat.
Plakaten har buk/folder samt små huller i hjørner fra nåle.
Filmplakaten bliver sendt foldet ,som den også engang blev leveret til biografen.
Plakaten bliver sendt i kraftig kuvert.
","https://info.kinorevuen.dk/wp-content/uploads/2021/06/image1-rotated.jpeg",62,85,700,1,"2023-01-30 04:06:47","2023-01-30 04:06:47"
3640,"Olsen Banden i jylland","","Nr. tre i serien om Olsen-banden.
En af de få af Olsen-Banden-film, som ikke foregår i København. Denne foregår nemlig i det nordvestlige Jylland, hvor Egon har fået et tip om, at der befinder sig en skat i én af de gamle tyske bunkere. Tingene går bare (som sædvanlig) ikke helt som planlagt. Filmen er filmet i området ved Vigsø Bugt øst for Hanstholm samt i Hanstholm by..
Instruktør: Erik Balling.
Manuskript: Erik Balling, Henning Bahs.
Medvirkende: Ove Sprogøe, Morten Grunwald, Poul Bundgaard, Kirsten Walther.
Dansk biografpremiere 08.10.1971
Original plakat.
Plakaten har buk/folder samt små huller i hjørner fra nåle.
Filmplakaten bliver sendt foldet ,som den også engang blev leveret til biografen.
Plakaten bliver sendt i kraftig kuvert.
","https://info.kinorevuen.dk/wp-content/uploads/2021/06/image1-1-rotated.jpeg",62,85,1800,1,"2023-01-30 04:06:47","2023-01-30 04:06:47"
3643,"Olsen Banden på spanden","","Nr. to i serien om Olsen-banden.
&#8220;Olsen-banden&#8221; (1968) havde ikke fået specielt flotte anmeldelser, men seriens nr. to påkaldte sig for alvor kritikernes interesse.
I &#8220;Olsen-banden på spanden&#8221; optræder Bennys bror, den alkoholiserede sprængstofekspert Dynamit-Harry. Preben Kaas modtog en Bodil-pris for sin fremstilling af denne bifigur, der atter optræder i &#8220;Olsen-banden går amok&#8221; (1973).
Instruktør: Erik Balling.
Manuskript: Erik Balling, Henning Bahs.
Medvirkende: Ove Sprogøe, Morten Grunwald, Poul Bundgaard, Kirsten Walther, Jes Holtsø, Ghita Nørby.
Dansk biografpremiere 03.10.1969
Original plakat &#8211; Tryk: Litografisk
Plakaten har buk/folder samt små huller i hjørner fra nåle.
Filmplakaten bliver sendt foldet ,som den også engang blev leveret til biografen.
Plakaten bliver sendt i kraftig kuvert.
","https://info.kinorevuen.dk/wp-content/uploads/2021/06/image0-3-rotated.jpeg",62,85,3800,1,"2023-01-30 04:06:47","2023-01-30 04:06:47"
3662,"Ballade på Christianshavn","ballade-paa-christianshavn","I perioden 1970-1977 producerede Nordisk Film for Danmarks Radio 84 afsnit i folkekomedieserien &#8220;Huset på Christianshavn&#8221;. Serien var blandt de populæreste i dansk fjernsyns historie og handlede om en række joviale beboere i en ældre ejendom på Christianshavn. Da der var sendt tolv afsnit i tv, producerede Nordisk Film denne ene biograffilm om huset. I filmen sætter husets beboere sig op mod en boligspekulant, der vil nedrive hele kvarteret. 
Medvirkende: Poul Reichhardt, Helle Virkner, Jes Holtsø, Lis Løwert,  Paul Hagen, Kirsten Walther, Arthur Jensen, Ove Sprogøe.
Instruktør: 	Erik Balling.
Manuskript	Erik Balling, Henning Bahs.
Dansk biografpremiere 08.03.1971
Plakaten har buk/folder samt små huller i hjørner fra nåle.
Filmplakaten bliver sendt foldet ,som den også engang blev leveret til biografen.
Plakaten bliver sendt i kraftig kuvert.
","https://info.kinorevuen.dk/wp-content/uploads/2021/06/img-2869.jpeg",62,85,625,1,"2023-01-30 04:06:47","2023-01-30 04:06:47"
3670,"Fortryllet","fortryllet","Disney&#8217;s Fortryllet (engelsk: Enchanted) er en blanding af tegnefilm og spillefilm. Mange steder vil man kunne genkende scener fra de gamle disney-film..
Medvirkende: Amy Adams, Patrick Dempsey, James Marsden.
Instruktion: Kevin Lima.
Dansk biografpremiere 19.12.2007
","https://info.kinorevuen.dk/wp-content/uploads/2021/06/image0-4-rotated.jpeg",62,85,70,6,"2023-01-30 04:06:47","2023-01-30 04:06:47"
3673,"The Boat That Rocked  (Teaser)","the-boat-that-rocked-teaser","&#8216;The Boat That Rocked&#8217; er den (næsten) sande historie om Englands svar på Radio Merkur.
Medvirkende: Philip Seymour Hoffman, Bill Nighy, Rhys Ifans, Nick Frost og Kenneth Branagh.
Dansk biografpremiere 17.04.2009
","https://info.kinorevuen.dk/wp-content/uploads/2021/06/image1-2-rotated.jpeg",62,85,100,2,"2023-01-30 04:06:47","2023-01-30 04:06:47"
3674,"Kiss Kiss, Bang Bang","kiss-kiss-bang-bang","&#8216;Kiss Kiss Bang Bang&#8217; er en action-komedie med bl.a. Robert Downey Jr., Val Kilmer og Michelle Monaghan på rollelisten..
Dansk biografpremiere 02.12.2005
","https://info.kinorevuen.dk/wp-content/uploads/2021/06/image0-5-rotated.jpeg",62,85,70,2,"2023-01-30 04:06:47","2023-01-30 04:06:47"
3808,"Broken Flowers","broken-flowers","Fransk-amerikansk komediedramafilm skrevet og instrueret af Jim Jarmusch.
Medvirkende: Bill Murray, Jeffrey Wright, Sharon Stone, Tilda Swinton, Julie Delpy.
Dansk biografpremiere 07.10.2005
","https://info.kinorevuen.dk/wp-content/uploads/2021/06/image0-2-1-rotated.jpeg",62,85,40,4,"2023-01-30 04:06:47","2023-01-30 04:06:47"
3811,"Til døden os skiller","til-doeden-os-skiller","Dansk komediefilm, instrueret af Paprika Steen og med manuskript af Anders Thomas Jensen og musik af Nikolaj Steen.
Medvirkende: Lars Brygmann, Sidse Babett Knudsen, Nicolaj Kopernikus, Rasmus Bjerg.
Dansk biografpremiere 28.09.2007
","https://info.kinorevuen.dk/wp-content/uploads/2021/06/image1-2-1-rotated.jpeg",62,85,40,3,"2023-01-30 04:06:47","2023-01-30 04:06:47"
3812,"Kuppet","kuppet","Medvirkende: Gene Hackman, Danny DeVito, Sam Rockwell.
Dansk biografpremiere 01.02.2002
","https://info.kinorevuen.dk/wp-content/uploads/2021/06/image0-2-2-rotated.jpeg",62,85,40,3,"2023-01-30 04:06:47","2023-01-30 04:06:47"
3815,"Gosford park","gosford-park","Livet på et engelsk gods i 1932, hvor man er opdelt i de fine gæster ovenpå og tyendet nedenunder. Under et stort middagsselskab bliver værten pludselig fundet død &#8211; hvem er morderen?
Filmen vandt en Oscar for Bedste manuskript, og var desuden nomineret til bl.a. Bedste film, instruktør og kostumer.
Medvirkende: Maggie Smith, Michael Gambon, Kristin Scott Thomas, Helen Mirren.
Instruktør: Robert Altman.
Dansk biografpremiere 08.02.2002
","https://info.kinorevuen.dk/wp-content/uploads/2021/06/image1-4-rotated.jpeg",62,85,50,3,"2023-01-30 04:06:47","2023-01-30 04:06:47"
3816,"Lions for lambs","lions-for-lambs","Filmen handler om en række personlige og politiske problemstillinger i forbindelse med USA&#8217;s krig mod terror. Den rummer en forgrenet historie om en vifte af personer, der hver især er fanget i forskellige ender af krigen i Afghanistan.
Medvirkende: Robert Redford, Meryl Streep, Tom Cruise.
Instruktør: Robert Redford.
Dansk biografpremiere 09.11.2007
","https://info.kinorevuen.dk/wp-content/uploads/2021/06/image0-2-3-rotated.jpeg",62,85,70,3,"2023-01-30 04:06:47","2023-01-30 04:06:47"
3820,"Kapring af metro 1 2 3","kapring-af-metro-1-2-3","&#8216;Kapring af Metro 1 2 3&#8217; er Tony Scotts (&#8216;True Romance&#8217;, &#8216;Man on Fire&#8217;) genindspilning af klassikeren &#8216;The Taking of Pelham One Two Three&#8217; (1974) med Robert Shaw og Walter Matthau..
Medvirkende: Denzel Washington, John Travolta, Luis Guzmán.
Instruktør: Tony Scott.
Dansk biografpremiere 07.08.2009
","https://info.kinorevuen.dk/wp-content/uploads/2021/06/image1-5-rotated.jpeg",62,85,70,2,"2023-01-30 04:06:47","2023-01-30 04:06:47"
3821,"Flyvende farmor","flyvende-farmor","Medvirkende: Jytte Abildstrøm, Olivia Fuglsang-Laviana, Nicolaj Kopernikus.
Instruktør: Steen Rasmussen, Michael Wikke.
Dansk biografpremiere 09.02.2001
","https://info.kinorevuen.dk/wp-content/uploads/2021/06/image1-2-2-rotated.jpeg",62,85,70,1,"2023-01-30 04:06:47","2023-01-30 04:06:47"
3824,"The Ninth Gate","the-ninth-gate","Baseret på Arturo Pérez-Revertes roman &#8220;Dumasklubben&#8221;.
Medvirkende: Johnny Depp, Frank Langella, Lena Olin.
Instruktør: Roman Polanski.
Dansk biografpremiere 25.12.1999
","https://info.kinorevuen.dk/wp-content/uploads/2021/06/image0-2-4-rotated.jpeg",62,85,100,3,"2023-01-30 04:06:47","2023-01-30 04:06:47"
3830,"Babel","babel","Amerikansk / mexicansk film fra 2006, instrueret af Alejandro González Iñárritu og skrevet af Guillermo Arriaga.
Medvirkende: Brad Pitt, Cate Blanchett, Gael García Bernal.
Dansk biografpremiere 27.10.2006
","https://info.kinorevuen.dk/wp-content/uploads/2021/03/image1-rotated.jpeg",62,85,175,1,"2023-01-30 04:06:47","2023-01-30 04:06:47"
3831,"Agent 007 - Jages","agent-007-jages","&#8220;From Russia with Love&#8221; (Agent 007 jages) er en britisk actionfilm fra 1963. Filmen er den anden i EON Productions serie om den hemmelige agent James Bond, der blev skabt af Ian Fleming. Den er baseret på Flemings roman af samme navn.
Medvirkende: Sean Connery, Daniela Bianchi, Lotte Lenya, Robert Shaw, Bernard Lee, Eunice Gayson.
Instruktør: Terence Young.
Dansk biografpremiere 20.12.1963
Original plakat.
Plakaten har buk/folder samt små huller i hjørner fra nåle.
Filmplakaten bliver sendt foldet ,som den også engang blev leveret til biografen.
Plakaten bliver sendt i kraftig kuvert.
","https://info.kinorevuen.dk/wp-content/uploads/2021/06/image1-2-3-rotated.jpeg",62,85,1400,1,"2023-01-30 04:06:47","2023-01-30 04:06:47"
3854,"Mig &amp; Revolutionen","mig-revolutionen","Woody Allen har været nomineret til en Oscar 12 gange for bedste manuskript og vundet en gang med &#8216;Hannah og hendes søstre&#8217; (1986).
Medvirkende: Woody Allen, Louise Lasser, Carlos Montalban.
Instruktør: Woody Allen.
Dansk biografpremiere 30.08.1976
Original plakat.
Plakaten har buk/folder samt små huller i hjørner fra nåle.
Filmplakaten bliver sendt foldet ,som den også engang blev leveret til biografen.
Plakaten bliver sendt i kraftig kuvert.
","https://info.kinorevuen.dk/wp-content/uploads/2021/06/image0-3-1-rotated.jpeg",62,85,400,1,"2023-01-30 04:06:47","2023-01-30 04:06:47"
3856,"Hvordan vi tabte vesten","hvordan-vi-tabte-vesten","Western/Komedie
Medvirkende:  Larry Fine, Joe DeRita, Moe Howard.
Instruktør: Norman Maurer.
Dansk biografpremiere 04.10.1965
Original plakat.
Plakaten har buk/folder samt små huller i hjørner fra nåle.
Filmplakaten bliver sendt foldet ,som den også engang blev leveret til biografen.
Plakaten bliver sendt i kraftig kuvert.
","https://info.kinorevuen.dk/wp-content/uploads/2021/06/image1-3-1-rotated.jpeg",62,85,325,1,"2023-01-30 04:06:47","2023-01-30 04:06:47"
3857,"Mig og Annie","mig-og-annie","Amerikansk komediefilm fra 1977. Filmen er skrevet, instrueret og spillet af Woody Allen.
Medvirkende: Woody Allen, Diane Keaton, Jeff Goldblum, Sigourney Weaver.
Dansk biografpremiere 29.07.1977
Original plakat.
Plakaten har buk/folder samt små huller i hjørner fra nåle.
Filmplakaten bliver sendt foldet ,som den også engang blev leveret til biografen.
Plakaten bliver sendt i kraftig kuvert.
","https://info.kinorevuen.dk/wp-content/uploads/2021/06/unknown-rotated.jpeg",62,85,300,1,"2023-01-30 04:06:47","2023-01-30 04:06:47"
3861,"Baby Killer","baby-killer","Amerikansk horrorfilm fra 1974 skrevet, produceret og instrueret af Larry Cohen. Det viser John P. Ryan og Sharon Farrell som et par, hvis spædbarn viser sig at være en ond mutant.
Medvirkende:  John P. Ryan, Sharon Farrell, Andrew Duggan.
Instruktør:  Larry Cohen.
Dansk biografpremiere 24.11.1975
Original plakat.
Plakaten har flere buk/folder samt små huller i hjørner fra nåle.
Filmplakaten bliver sendt foldet ,som den også engang blev leveret til biografen.
Plakaten bliver sendt i kraftig kuvert.
","https://info.kinorevuen.dk/wp-content/uploads/2021/06/image2-rotated.jpeg",62,85,375,1,"2023-01-30 04:06:47","2023-01-30 04:06:47"
3862,"Fjernt fra verdens vrimmel","fjernt-fra-verdens-vrimmel","Medvirkende:  Julie Christie, Peter Finch, Alan Bates.
Instruktør:  John Schlesinger.
Dansk biografpremiere 28.04.1969
Original plakat.
Plakaten har buk/folder samt små huller i hjørner fra nåle.
Filmplakaten bliver sendt foldet ,som den også engang blev leveret til biografen.
Plakaten bliver sendt i kraftig kuvert.
","https://info.kinorevuen.dk/wp-content/uploads/2021/06/image1-3-2-rotated.jpeg",62,85,350,1,"2023-01-30 04:06:47","2023-01-30 04:06:47"
3865,"Far til fire og ulveungerne","far-til-fire-og-ulveungerne","Medvirkende:  Karl Stegger, Birgitte Price, Otto Møller Jensen, Rudi Hansen.
Instruktør:  Alice O&#8217;Fredericks.
Dansk biografpremiere 10.11.1958
Original plakat.
Plakaten har buk/folder samt små huller i hjørner fra nåle.
Fremstår med taperester på hjørnerne.
Filmplakaten bliver sendt foldet ,som den også engang blev leveret til biografen.
Plakaten bliver sendt i kraftig kuvert.
","https://info.kinorevuen.dk/wp-content/uploads/2021/06/image2-1-rotated.jpeg",62,85,300,1,"2023-01-30 04:06:47","2023-01-30 04:06:47"
3867,"Mig og min lillebror og Bølle","mig-og-min-lillebror-og-boelle","Den tredie film om de to gemytlige brødre Søren og Peter og deres familie på den lille ø Bomø. Denne gang har brødrene fået en fodboldinteresseret hund ved navn Bølle, som viser sig i stand til at forudsige tipsresultaterne. Det skaber kaos i tipstjenesten, på Bomø og på Christiansborg.
Medvirkende:  Dirch Passer, Poul Reichhardt, Karl Stegger, Guri Richter.
Instruktør:  Lau Lauritzen Jr., Lisbeth Movin.
Dansk biografpremiere 12.12.1969
Original plakat.
Plakaten har buk/folder samt små huller i hjørner fra nåle.
Fremstår med taperester på hjørnerne.
Filmplakaten bliver sendt foldet ,som den også engang blev leveret til biografen.
Plakaten bliver sendt i kraftig kuvert.
","https://info.kinorevuen.dk/wp-content/uploads/2021/06/image2-2-rotated.jpeg",62,85,275,1,"2023-01-30 04:06:47","2023-01-30 04:06:47"
3870,"Min søsters børn når de er værst","min-soesters-boern-naar-de-er-vaerst","Den sidste i en serie af fire film, som indledtes med &#8220;Min søsters børn&#8221; (1966).
Instruktøren Annelise Reenbergs sidste film.
Medvirkende:  Dirch Passer, Jeanne Darville, William Rosenberg, Sonja Oppenhagen, Jan Priiskorn Schmidt.
Instruktør: Annelise Reenberg.
Dansk biografpremiere 15.10.1971
Original plakat.
Plakaten har buk/folder samt små huller i hjørner fra nåle.
Filmplakaten bliver sendt foldet ,som den også engang blev leveret til biografen.
Plakaten bliver sendt i kraftig kuvert.
","https://info.kinorevuen.dk/wp-content/uploads/2021/06/image1-4-1-rotated.jpeg",62,85,375,1,"2023-01-30 04:06:47","2023-01-30 04:06:47"
3871,"Bussen","bussen","Bussen er en dansk komediefilm fra 1963 instrueret af Finn Henriksen efter manuskript af Bob Ramsing. Filmen er en ny indspilning af en norsk film af samme navn fra 1961.
Medvirkende: Dirch Passer, Malene Schwartz, Lily Broberg, Karl Stegger.
Instruktør: Finn Henriksen.
Dansk biografpremiere 04.10.1963
Plakaten har buk/folder samt små huller i hjørner fra nåle.
Filmplakaten bliver sendt foldet ,som den også engang blev leveret til biografen.
Plakaten bliver sendt i kraftig kuvert.
","https://info.kinorevuen.dk/wp-content/uploads/2021/06/bussen-rotated.jpeg",60,83,550,1,"2023-01-30 04:06:47","2023-01-30 04:06:47"
3883,"Strømer på stregen","stroemer-paa-stregen","Medvirkende: Clint Eastwood, Geneviève Bujold, Dan Hedaya.
Instruktør: Richard Tuggle.
Dansk biografpremiere 23.11.1984
Original plakat.
Plakaten har buk/folder samt små huller i hjørner fra nåle.
Filmplakaten bliver sendt foldet ,som den også engang blev leveret til biografen.
Plakaten bliver sendt i kraftig kuvert.
","https://info.kinorevuen.dk/wp-content/uploads/2021/06/image0-3-2-rotated.jpeg",62,85,475,1,"2023-01-30 04:06:47","2023-01-30 04:06:47"
3885,"My fair lady","my-fair-lady","Amerikansk film fra 1964, baseret på musicalen af samme navn fra 1956, som igen var baseret på George Bernard Shaws skuespil Pygmalion,
Medvirkende: Audrey Hepburn, Rex Harrison, Stanley Holloway.
Instruktør: George Cukor.
Dansk biografpremiere 26.12.1964
Original plakat.
Plakaten har buk/folder samt små huller i hjørner fra nåle.
Filmplakaten bliver sendt foldet ,som den også engang blev leveret til biografen.
Plakaten bliver sendt i kraftig kuvert.
","https://info.kinorevuen.dk/wp-content/uploads/2021/06/image1-4-2-rotated.jpeg",62,85,400,1,"2023-01-30 04:06:47","2023-01-30 04:06:47"
3887,"Hævneren fra Marseille","haevneren-fra-marseille","Medvirkende: Jean-Paul Belmondo, Claudia Cardinale, Michel Constantin.
Instruktør: Jose Giovanni.
Dansk biografpremiere 19.02.1973
Original plakat.
Plakaten har buk/folder samt små huller i hjørner fra nåle.
Filmplakaten bliver sendt foldet ,som den også engang blev leveret til biografen.
Plakaten bliver sendt i kraftig kuvert.
","https://info.kinorevuen.dk/wp-content/uploads/2021/06/image1-6-rotated.jpeg",62,85,300,1,"2023-01-30 04:06:47","2023-01-30 04:06:47"
3890,"Mistænkt","mistaenkt","Medvirkende: Lino Ventura, Romy Schneider, Michel Serrault.
Instruktør: Claude Miller.
Dansk biografpremiere 05.11.1982
Original plakat.
Plakaten har buk/folder samt små huller i hjørner fra nåle.
Filmplakaten bliver sendt foldet ,som den også engang blev leveret til biografen.
Plakaten bliver sendt i kraftig kuvert.
","https://info.kinorevuen.dk/wp-content/uploads/2021/06/image0-3-3-rotated.jpeg",62,85,175,1,"2023-01-30 04:06:47","2023-01-30 04:06:47"
3891,"Sidste nat på station 13","sidste-nat-paa-station-13","Medvirkende: Austin Stoker, Darwin Joston, Laurie Zimmer.
Manuskript: John Carpenter.
Instruktør: John Carpenter.
Dansk biografpremiere 04.09.1978
Original plakat.
Plakaten har buk/folder samt små huller i hjørner fra nåle.
Filmplakaten bliver sendt foldet ,som den også engang blev leveret til biografen.
Plakaten bliver sendt i kraftig kuvert.
","https://info.kinorevuen.dk/wp-content/uploads/2021/06/image0-3-4-rotated.jpeg",62,85,225,0,"2023-01-30 04:06:47","2023-01-30 04:06:47"
3894,"Bankekød til slemme drenge","bankekoed-til-slemme-drenge","Medvirkende: Clint Eastwood, Sondra Locke, Beverly D&#8217;Angelo.
Manuskript: Jeremy Joe Kronsberg.
Instruktør: James Fargo.
Dansk biografpremiere  09.03.1979
Original plakat.
Plakaten har buk/folder samt små huller i hjørner fra nåle.
Filmplakaten bliver sendt foldet ,som den også engang blev leveret til biografen.
Plakaten bliver sendt i kraftig kuvert.
","https://info.kinorevuen.dk/wp-content/uploads/2021/06/image1-7-rotated.jpeg",62,85,375,1,"2023-01-30 04:06:47","2023-01-30 04:06:47"
3895,"Politibil 6-Z-4 svarer ikke  (The Onion Field)","politibil-6-z-4-svarer-ikke-the-onion-field","Amerikansk krimedrama fra 1979 instrueret af Harold Becker og skrevet af Joseph Wambaugh, baseret på hans ægte kriminalbog fra 1973 The Onion Field. 
Medvirkende: John Savage, James Woods, Franklyn Seales, Ronny Cox, Ted Danson.
Instruktør: Harold Becker.
Dansk biografpremiere  17.03.1980
Original plakat.
Plakaten har buk/folder samt små huller i hjørner fra nåle.
Filmplakaten bliver sendt foldet ,som den også engang blev leveret til biografen.
Plakaten bliver sendt i kraftig kuvert.
","https://info.kinorevuen.dk/wp-content/uploads/2021/06/image0-3-5-rotated.jpeg",62,85,125,1,"2023-01-30 04:06:47","2023-01-30 04:06:47"
3899,"Flugten fra Alcatraz","flugten-fra-alcatraz","Amerikansk thriller fra 1979, der er instrueret af Don Siegel. Det er en filmatisering af bogen af samme navn fra 1963, der omhandler fangeflugten i 1962 fra det højsikrede og berygtede fængsel Alcatraz.
Medvirkende: Clint Eastwood, Patrick McGoohan, Roberts Blossom.
Instruktør: Donald Siegel.
Dansk biografpremiere  05.11.1979
Original plakat.
Plakaten har buk/folder samt små huller i hjørner fra nåle.
Filmplakaten bliver sendt foldet ,som den også engang blev leveret til biografen.
Plakaten bliver sendt i kraftig kuvert.
","https://info.kinorevuen.dk/wp-content/uploads/2021/06/image1-8-rotated.jpeg",62,85,400,1,"2023-01-30 04:06:47","2023-01-30 04:06:47"
3900,"De Nådesløse","de-naadesloese","Medvirkende: Clint Eastwood, Gene Hackman, Richard Harris, Morgan Freeman.
Instruktør: Clint Eastwood.
Dansk biografpremiere  30.10.1992
Original plakat.
Plakaten har buk/folder samt små huller i hjørner fra nåle.
Filmplakaten bliver sendt foldet ,som den også engang blev leveret til biografen.
Plakaten bliver sendt i kraftig kuvert.
","https://info.kinorevuen.dk/wp-content/uploads/2021/06/image2-3-rotated.jpeg",62,85,750,1,"2023-01-30 04:06:47","2023-01-30 04:06:47"
3901,"En tosset diktator","en-tosset-diktator","Medvirkende: Harpo Marx, Groucho Marx, Chico Marx, Zeppo Marx.
Instruktør: Leo McCarey.
Dansk biografpremiere  02.04.1934
Original plakat.
Plakaten har buk/folder samt små huller i hjørner fra nåle.
Filmplakaten bliver sendt foldet ,som den også engang blev leveret til biografen.
Plakaten bliver sendt i kraftig kuvert.
","https://info.kinorevuen.dk/wp-content/uploads/2021/06/image0-4-1-rotated.jpeg",62,85,175,1,"2023-01-30 04:06:47","2023-01-30 04:06:47"
3903,"Min søsters børn i Ægypten","min-soesters-boern-i-aegypten","I den tredje film i serien havner Michael, Jan, Amalie, Pusle og Blop uden forældre men sammen med naboen fru Flinth i Ægypten ved et tilfælde, og de får hurtigt vendt op og ned på snart alt andet end pyramiderne.
Medvirkende: Lotte Andersen, Neel Rønholt, Stefan Pagels Andersen, Mikkel Sundø.
Instruktør: Kasper Barfoed.
Dansk biografpremiere  08.10.2004
","https://info.kinorevuen.dk/wp-content/uploads/2021/06/image0-3-6-rotated.jpeg",62,85,40,5,"2023-01-30 04:06:47","2023-01-30 04:06:47"
3906,"Harry Potter og fangen fra Azkaban","harry-potter-og-fangen-fra-azkaban","&#8216;Harry Potter and the Prisoner of Azkaban&#8217; (Harry Potter og fangen fra Azkaban) er den tredje film i serien om den unge troldmand.
Medvirkende: Daniel Radcliffe, Rupert Grint, Emma Watson, Robbie Coltrane.
Instruktør: Alfonso Cuarón.
Dansk biografpremiere  11.06.2004
","https://info.kinorevuen.dk/wp-content/uploads/2021/06/image1-9-rotated.jpeg",62,85,200,1,"2023-01-30 04:06:47","2023-01-30 04:06:47"
3907,"Super size me","super-size-me","Morgan Spurlock sætter sig for at undersøge konsekvenserne af kun at spise fastfood på McDonalds hver dag i en måned.
Medvirkende: Morgan Spurlock.
Instruktør: Morgan Spurlock.
Dansk biografpremiere  16.07.2004
","https://info.kinorevuen.dk/wp-content/uploads/2021/06/img-2722.jpeg",62,85,25,5,"2023-01-30 04:06:47","2023-01-30 04:06:47"
3914,"Fahrenheit 9/11","fahrenheit-9-11","Dokumentaristen og provokatøren Michael Moore tør altid, hvor andre tier.
Denne gang forsøger han at afdække de begivenheder og relationer, der førte til terrorhandlingerne 11. september 2001.
Filmen vandt De Gyldne Palmer i 2004.
Medvirkende: Michael Moore.
Instruktør: Michael Moore.
Dansk biografpremiere  06.08.2004
","https://info.kinorevuen.dk/wp-content/uploads/2021/06/img-2725.jpeg",62,85,25,3,"2023-01-30 04:06:47","2023-01-30 04:06:47"
3916,"Monster","monster","Filmen er Charlize Therons. Den smukke skuespillerinde vender vrangen ud på sig selv og vandt både en Golden Globe og en Oscar for sin præstation.
Medvirkende: Charlize Theron, Bruce Dern, Christina Ricci.
Instruktør: Patty Jenkins.
Dansk biografpremiere  23.04.2004
","https://info.kinorevuen.dk/wp-content/uploads/2021/06/img-2726.jpeg",62,85,70,1,"2023-01-30 04:06:47","2023-01-30 04:06:47"
3917,"Troja","troja","Filmen &#8216;Troy&#8217; (Troja) er baseret på Homers &#8216;Illiaden&#8217; og &#8216;Odysseen&#8217;. .
Medvirkende: Brad Pitt, Eric Bana, Orlando Bloom, Diane Kruger, Sean Bean, Brian Cox, Peter O&#8217;Toole.
Instruktør: Wolfgang Petersen.
Dansk biografpremiere  19.05.2004
","https://info.kinorevuen.dk/wp-content/uploads/2021/06/img-2727.jpeg",62,85,100,0,"2023-01-30 04:06:47","2023-01-30 04:06:47"
3918,"Space cowboys","space-cowboys","Fire festlige pensionister sendes ud i det ydre rum.
Medvirkende: Clint Eastwood, Tommy Lee Jones, Donald Sutherland, James Garner.
Instruktør: Clint Eastwood.
Dansk biografpremiere  24.11.2000
","https://info.kinorevuen.dk/wp-content/uploads/2021/06/img-2728.jpeg",62,85,70,0,"2023-01-30 04:06:47","2023-01-30 04:06:47"
3919,"Air force one","air-force-one"," Air Force One, bliver kapret af en russisk nationalist.
Medvirkende: Harrison Ford, Gary Oldman, Glenn Close.
Instruktør: Wolfgang Petersen.
Dansk biografpremiere  24.10.1997
","https://info.kinorevuen.dk/wp-content/uploads/2021/07/img-2730.jpeg",62,85,100,1,"2023-01-30 04:06:47","2023-01-30 04:06:47"
3926,"Congo","congo","Medvirkende: Dylan Walsh, Laura Linney, Joe Don Baker.
Instruktør: Frank Marshall.
Dansk biografpremiere  29.09.1995
","https://info.kinorevuen.dk/wp-content/uploads/2021/07/img-2731.jpeg",62,85,100,1,"2023-01-30 04:06:47","2023-01-30 04:06:47"
3927,"Dragonheart","dragonheart","Medvirkende: Dennis Quaid, Pete Postlethwaite, Dina Meyer.
Instruktør: Rob Cohen.
Dansk biografpremiere  13.12.1996
Plakaten har små huller i hjørner fra nåle.
et lille afrevet hjørne, i øverst venstre side.
","https://info.kinorevuen.dk/wp-content/uploads/2021/07/img-2732.jpeg",62,85,125,1,"2023-01-30 04:06:47","2023-01-30 04:06:47"
3929,"First knight","first-knight","Filmatiseringen af den klassiske fortælling om Kong Arthur, Sir Lancelot og ridderne om det runde bord, hvor tre skæbner mødes i et drama om kærlighed, ære, jalousi og forræderi.
Medvirkende: Sean Connery, Richard Gere, Julia Ormond, John Gielgud.
Instruktør: Jerry Zucker.
Dansk biografpremiere  22.09.1995
Plakaten har små huller i hjørner fra nåle.
","https://info.kinorevuen.dk/wp-content/uploads/2021/07/img-2735.jpeg",62,85,175,1,"2023-01-30 04:06:47","2023-01-30 04:06:47"
3930,"Marius &amp; Jeannette","marius-jeannette","Fransk film fra 1997 instrueret af Robert Guédiguian. Det vandt Louis Delluc-prisen og César-prisen for bedste skuespillerinde og modtog César-nomineringer til Bedste Film,
Medvirkende: Gérard Meylan, Ariane Ascaride, Pascale Roberts.
Instruktør: Robert Guédiguian.
Dansk biografpremiere  12.06.1998
Plakaten har små huller i hjørner fra nåle.
","https://info.kinorevuen.dk/wp-content/uploads/2021/07/img-2738.jpeg",62,85,50,1,"2023-01-30 04:06:47","2023-01-30 04:06:47"
3931,"Brevet i flasken","brevet-i-flasken","Amerikansk romantisk dramafilm fra 1999 instrueret af Luis Mandoki og baseret på Nicholas Sparks roman.
Medvirkende: Kevin Costner, Robin Wright Penn, Paul Newman.
Dansk biografpremiere  23.04.1999
Plakaten har små huller i hjørner fra nåle.
","https://info.kinorevuen.dk/wp-content/uploads/2021/07/img-2743.jpeg",62,85,70,1,"2023-01-30 04:06:47","2023-01-30 04:06:47"
3932,"Maria full of grace","maria-full-of-grace","Medvirkende: Catalina Sandino Moreno, Yenny Paola Vega, Guilied Lopez.
Instruktør: Joshua Marston
Dansk biografpremiere  24.09.2004
","https://info.kinorevuen.dk/wp-content/uploads/2021/07/img-2741.jpeg",62,85,70,1,"2023-01-30 04:06:47","2023-01-30 04:06:47"
3934,"The Human stain","the-human-stain","&#8216;The Human Stain&#8217; er baseret på en bog af Philip Roth.
Medvirkende: Anthony Hopkins, Nicole Kidman, Ed Harris, Gary Sinise.
Instruktør: Robert Benton.
Dansk biografpremiere  14.11.2003
","https://info.kinorevuen.dk/wp-content/uploads/2021/07/img-2740.jpeg",62,85,70,1,"2023-01-30 04:06:47","2023-01-30 04:06:47"
3935,"The Postman","the-postman","&#8220;Året er 2013 og jorden er ved at blive sig selv efter den store krig. En gruppe, Holnisterne, har indført et regime bygget på terror. Men postbudet giver folket nyt mod og kamplyst, og til sidst overvindes det onde.&#8221;
Medvirkende: Kevin Costner, Will Patton, Larenz Tate.
Instruktør: Kevin Costner.
Dansk biografpremiere  13.02.1998
","https://info.kinorevuen.dk/wp-content/uploads/2021/07/img-2737.jpeg",62,85,70,1,"2023-01-30 04:06:47","2023-01-30 04:06:47"
3958,"A.I. Kunstig Intelligens","a-i-kunstig-intelligens","Science fiction-film fra 2001, der blev påbegyndt af Stanley Kubrick sammen med Steven Spielberg, der færdiggjorde filmen efter Kubricks død. Filmen er baseret på den korte science fiction-historie Super-Toys Last All Summer Long af forfatteren Brian Aldiss.
Medvirkende: Haley Joel Osment, Jude Law, Frances O&#8217;Connor.
Dansk biografpremiere  05.10.2001
Plakaten har små huller i hjørner fra nåle.
","https://info.kinorevuen.dk/wp-content/uploads/2021/07/img-2745.jpeg",62,85,150,1,"2023-01-30 04:06:47","2023-01-30 04:06:47"
3961,"Three Kings","three-kings-2","Amerikansk satirisk krigsfilm fra 1999 instrueret og skrevet af David O. Russell.
Medvirkende: George Clooney, Mark Wahlberg, Ice Cube.
Dansk biografpremiere  03.03.2000
Plakaten har små huller i hjørner fra nåle.
","https://info.kinorevuen.dk/wp-content/uploads/2021/07/img-2746.jpeg",62,85,100,1,"2023-01-30 04:06:47","2023-01-30 04:06:47"
3962,"Stigmata","stigmata","Ammerikansk gyserfilm fra 1999 instrueret af Rupert Wainwright.
Medvirkende: Patricia Arquette, Gabriel Byrne, Jonathan Pryce.
Dansk biografpremiere  11.02.2000
Plakaten har små huller i hjørner fra nåle.
","https://info.kinorevuen.dk/wp-content/uploads/2021/07/img-2750.jpeg",62,85,100,1,"2023-01-30 04:06:47","2023-01-30 04:06:47"
3966,"Eksorcisten: Begyndelsen  (Teaser)","eksorcisten-begyndelsen-teaser","Ammerikansk gyserfilm fra 2004 instrueret af Renny Harlin.
Medvirkende: Stellan Skarsgård, James D&#8217;Arcy, Izabella Scorupco.
Dansk biografpremiere  29.10.2004
Plakaten har små huller i hjørner fra nåle.
","https://info.kinorevuen.dk/wp-content/uploads/2021/07/img-2753.jpeg",62,85,100,1,"2023-01-30 04:06:47","2023-01-30 04:06:47"
3967,"Ondskab","ondskab","Efter Jan Guillous roman.
Medvirkende: Andreas Wilson, Henrik Lundström, Gustaf Skarsgård, Linda Zilliacus.
Instruktør: Mikael Håfström.
Dansk biografpremiere  30.04.2004
Plakaten har små huller i hjørner fra nåle.
","https://info.kinorevuen.dk/wp-content/uploads/2021/07/img-2754.jpeg",62,85,70,1,"2023-01-30 04:06:47","2023-01-30 04:06:47"
3969,"Arvingen","arvingen","efter Ib Henrik Cavling´s roman.
Medvirkende: Poul Reichhardt, Astrid Villaume, Gunnar Lauring, Nina Pens.
Instruktør: Alice O&#8217;Fredericks, Jon Iversen.
Dansk biografpremiere 20.12.1954
Plakaten har buk/folder samt små huller i hjørner fra nåle.
Filmplakaten bliver sendt foldet ,som den også engang blev leveret til biografen.
Plakaten bliver sendt i kraftig kuvert.
","https://info.kinorevuen.dk/wp-content/uploads/2021/07/img-2655.jpeg",62,85,175,0,"2023-01-30 04:06:47","2023-01-30 04:06:47"
3976,"De Røde heste","de-roede-heste","Denne første Morten Korch-filmatisering blev set af over 2.300.000 mennesker og var blandt dansk films allerstørste succeser.
I 1930&#8217;erne havde Morten Korch forgæves forsøgt at afsætte sine populære landboskildringer til Nordisk Film. Nu blev hans romaner en guldgrube for ASA. Inden 1950 var omme, kom allerede den anden Morten Korch-film, &#8216;Mosekongen&#8217;. Derefter fulgte yderligere elleve, inden ASA i 1968 lavede en remake af &#8216;De røde heste&#8217;.
Medvirkende: Poul Reichhardt, Tove Maës, Johannes Meyer, Karen Marie Løwert, Ib Schønberg, Lily Broberg, Peter Malberg, Ejner Federspiel.
Instruktør: Alice O&#8217;Fredericks, Jon Iversen.
Dansk biografpremiere 02.01.1950
Plakaten har buk/folder samt små huller i hjørner fra nåle.
Filmplakaten bliver sendt foldet ,som den også engang blev leveret til biografen.
Plakaten bliver sendt i kraftig kuvert.
","https://info.kinorevuen.dk/wp-content/uploads/2021/07/img-2656.jpeg",62,85,325,1,"2023-01-30 04:06:47","2023-01-30 04:06:47"
3982,"Kæmpeblæksprutten","kaempeblaeksprutten","Italiensk-Amerikansk gyserfilm. instrueret af Ovidio G. Assonitis.
Medvirkende: John Huston, Shelley Winters, Bo Hopkins, Henry Fonda, Alan Boyd.
Dansk biografpremiere 20.05.1977
Original plakat.
Plakaten har buk/folder samt små huller i hjørner fra nåle.
Filmplakaten bliver sendt foldet ,som den også engang blev leveret til biografen.
Plakaten bliver sendt i kraftig kuvert.
","https://info.kinorevuen.dk/wp-content/uploads/2021/07/img-2270.jpeg",62,85,325,0,"2023-01-30 04:06:47","2023-01-30 04:06:47"
3984,"Den Maskerede morder","den-maskerede-morder","Amerikansk kriminaldramafilm fra 1975 instrueret af Paul Bogart. 
Medvirkende: Dean Martin, Eugene Roche, Denise Nicholas, Cindy Williams.
Dansk biografpremiere  20.06.1975
Original plakat.
Plakaten har buk/folder samt små huller i hjørner fra nåle.
Filmplakaten bliver sendt foldet ,som den også engang blev leveret til biografen.
Plakaten bliver sendt i kraftig kuvert.
","https://info.kinorevuen.dk/wp-content/uploads/2021/07/image1-rotated.jpeg",62,85,150,1,"2023-01-30 04:06:47","2023-01-30 04:06:47"
3988,"Grace of my heart","grace-of-my-heart","Amerikansk film fra 1996 skrevet og instrueret af Allison Anders. 
Medvirkende: Illeana Douglas, John Turturro, Matt Dillon.
Dansk biografpremiere  23.05.1997
Original plakat.
Plakaten har buk/folder samt små huller i hjørner fra nåle.
Filmplakaten bliver sendt foldet ,som den også engang blev leveret til biografen.
Plakaten bliver sendt i kraftig kuvert.
","https://info.kinorevuen.dk/wp-content/uploads/2021/07/image2-rotated.jpeg",62,85,150,1,"2023-01-30 04:06:47","2023-01-30 04:06:47"
3989,"Al Capone","al-capone","Amerikansk film   
Medvirkende: Rod Steiger, Fay Spain, Martin Balsam.
Instruktør: Richard Wilson.
Dansk biografpremiere  11.11.1959
Original plakat.
Plakaten har buk/folder samt små huller i hjørner fra nåle.
Filmplakaten bliver sendt foldet ,som den også engang blev leveret til biografen.
Plakaten bliver sendt i kraftig kuvert.
","https://info.kinorevuen.dk/wp-content/uploads/2021/07/image0-rotated.jpeg",62,85,250,1,"2023-01-30 04:06:47","2023-01-30 04:06:47"
3990,"Dronning Margot","dronning-margot","Baseret på den historiske roman La Reine Margot fra 1845 af Alexandre Dumas.  
Medvirkende: Isabelle Adjani, Daniel Auteuil, Jean-Hugues Anglade.
Instruktør: Patrice Chéreau.
Dansk biografpremiere  13.10.1995
Original plakat.
Plakaten har buk/folder samt små huller i hjørner fra nåle.
Filmplakaten bliver sendt foldet ,som den også engang blev leveret til biografen.
Plakaten bliver sendt i kraftig kuvert.
","https://info.kinorevuen.dk/wp-content/uploads/2021/07/image1-4-rotated.jpeg",62,85,125,1,"2023-01-30 04:06:47","2023-01-30 04:06:47"
3992,"De Røde heste","de-roede-heste-kopier","Filmen er en genindspilning af 1950-filmatiseringen af Morten Korchs succes-roman.
Medvirkende: Kjeld Nørgaard, Poul Reichhardt, Jane Thomsen, Helge Kjærulff-Schmidt.
Instruktør: Alice O&#8217;Fredericks, Jon Iversen.
Dansk biografpremiere 16.12.1968
Original plakat.
Plakaten har buk/folder samt små huller i hjørner fra nåle.
Fremstår med taperester på hjørnerne.
Filmplakaten bliver sendt foldet ,som den også engang blev leveret til biografen.
Plakaten bliver sendt i kraftig kuvert.
","https://info.kinorevuen.dk/wp-content/uploads/2021/07/img-2658.jpeg",62,85,150,1,"2023-01-30 04:06:47","2023-01-30 04:06:47"
3995,"Hold da helt ferie","hold-da-helt-ferie","Ved at købe en campingvogn håber en familiefar, at han og konen kan blive alene i ferien for en gangs skyld. Børnene har andre planer, og svigermor vil selvfølgelig betakke sig for at blive campist &#8211; tror de! Ved skæbnens lunefulde spil kommer alle fem med på ferie.
Medvirkende: Lily Broberg, Axel Strøbye, Sisse Reingaard, Bente Messmann.
Instruktør: Anker Sørensen.
Dansk biografpremiere 26.12.1965
Original plakat.
Plakaten har buk/folder samt små huller i hjørner fra nåle.
Fremstår med klistermærke (Langkær Bio) i bunden.
Filmplakaten bliver sendt foldet ,som den også engang blev leveret til biografen.
Plakaten bliver sendt i kraftig kuvert.
","https://info.kinorevuen.dk/wp-content/uploads/2021/07/img-2664.jpeg",62,85,150,1,"2023-01-30 04:06:47","2023-01-30 04:06:47"
3999,"Agent 007 - The world is not enough","agent-007-the-world-is-not-enough","Med seriens 19. film ville Bond-producerne sætte mere fokus på kvinderne og hyrede derfor den “bløde” Michael Apted, kendt for dokumentarer og realistiske dramaer, til at instruere.
Medvirkende: Pierce Brosnan, Sophie Marceau, Robert Carlyle, Judi Dench, Ulrich Thomsen.
Instruktør: Michael Apted.
Dansk biografpremiere 10.12.1999
Original plakat.
Plakaten er ny. er rullet.
","https://info.kinorevuen.dk/wp-content/uploads/2021/07/image0-1-rotated.jpeg",62,85,400,1,"2023-01-30 04:06:47","2023-01-30 04:06:47"
4002,"Livet er smukt","livet-er-smukt","Italiensk film fra 1997, instrueret af Roberto Benigni, der også spiller hovedrollen.
Medvirkende: Roberto Benigni, Nicoletta Braschi, Giorgio Cantarini.
Dansk biografpremiere 19.02.1999
Original plakat.
Plakaten er ny. er rullet.
","https://info.kinorevuen.dk/wp-content/uploads/2021/07/image0-3-rotated.jpeg",62,85,500,1,"2023-01-30 04:06:47","2023-01-30 04:06:47"
4005,"Malena","malena","Italiensk Oscar-nomineret film, der foregår på Sicilien under Anden Verdenskrig. 
Politikens Kim Skotte noterede sig, at &#8220;med den billedskønne og barmfagre Monica Bellucci i titelrollen behøves ikke yderligere argumenter for sagen: Kvinden er en skønhedsåbenbaring.&#8221; Filmen blev Belluccis internationale gennembrud. Sicilianskfødte Giuseppe Tornatore slog allerede i 1988 sit navn fast med spillefilmen ’Mine aftener i paradis’. Han er en instruktør med sans for de store følelser og den hjertegribende nostalgi. Landsmanden Ennio Morricone står bag filmens smægtende score.
Medvirkende: Monica Bellucci, Giuseppe Sulfaro, Luciano Federico, Matilde Piana.
Instruktør: Giuseppe Tornatore.
Dansk biografpremiere 10.05.2001
Original plakat.
Plakaten er ny. er rullet.
","https://info.kinorevuen.dk/wp-content/uploads/2021/07/image1-1-rotated.jpeg",62,85,300,1,"2023-01-30 04:06:47","2023-01-30 04:06:47"
4007,"Mission: Impossible 2","mission-impossible-2","Verdens bedste spion vender tilbage i, M:I-2. Den førende actioninstruktør John Woo sætter sit eget spændingspræg på missionen hvor Ethan Hunt danner par med den smukke Nyah Hall (Thandie Newton) .
Medvirkende: Tom Cruise, Dougray Scott, Thandie Newton.
Instruktør: John Woo.
Dansk biografpremiere 07.07.2000
Original plakat.
Plakaten er ny. er rullet.
","https://info.kinorevuen.dk/wp-content/uploads/2021/07/image1-2-rotated.jpeg",62,85,175,1,"2023-01-30 04:06:47","2023-01-30 04:06:47"
4010,"Central station","central-station","Brasiliansk-fransk dramafilm fra 1998.
Medvirkende: Fernanda Montenegro, Marília Pêra, Vinícius de Oliveira.
Instruktør: Walter Salles.
Dansk biografpremiere 17.09.1999
Original plakat.
Plakaten er ny. er rullet.
","https://info.kinorevuen.dk/wp-content/uploads/2021/07/image0-2-rotated.jpeg",62,85,70,1,"2023-01-30 04:06:47","2023-01-30 04:06:47"
4025,"Peter Pan","","J.M. Barries eventyr var allerede i 1924 grundlag for en realfilm, instrueret af Herbert Brenon. I 1991 var det &#8211; meget frit &#8211; grundlag for Steven Spielbergs realfilm &#8216;Hook&#8217;. Disney-studierne udsendte i 2002 en tegnefilm-fortsættelse af 1953-filmen, &#8216;Return to Never Land&#8217; (&#8216;Peter Pan &#8211; Tilbage til Ønskeøen).
Instruktør: Hamilton Luske, Clyde Geronimi, Wilfred Jackson.
Dansk biografpremiere 26.12.1953
Original plakat.
Plakaten har buk/folder samt små huller i hjørner fra nåle.
Filmplakaten bliver sendt foldet ,som den også engang blev leveret til biografen.
Plakaten bliver sendt i kraftig kuvert.
","https://info.kinorevuen.dk/wp-content/uploads/2021/07/img-2822.jpeg",62,85,1700,1,"2023-01-30 04:06:47","2023-01-30 04:06:47"
4048,"LEGO Ninjago Filmen","lego-ninjago-filmen","&#8216;LEGO Ninjago Filmen&#8217; bygger på det populære LEGO-legetøj, der også har sin egen tv-serie.
 Filmen er den tredje klods-baserede film efter LEGO Filmen &#8211; Et klodset eventyr og LEGO Batman Filmen. 
Dansk biografpremiere  21.09.2017
","https://info.kinorevuen.dk/wp-content/uploads/2021/07/hovedpl-lego.jpg",70,100,40,5,"2023-01-30 04:06:47","2023-01-30 04:06:47"
4050,"Filmen om Kaptajn Underhyler","filmen-om-kaptajn-underhyler","DreamWorks&#8217; &#8216;Filmen om Kaptajn Underhyler&#8217; er baseret på tegneserien af Dav Pilkey, og instrueret af David Soren, der tidligere har lavet familiefilmen Turbo. 
Dansk biografpremiere  21.01.2017
","https://info.kinorevuen.dk/wp-content/uploads/2021/07/kaptajnunderhyl.jpg",70,100,50,5,"2023-01-30 04:06:47","2023-01-30 04:06:47"
4052,"After","after","&#8220;After&#8217; er baseret på den første roman i bog-serien af Anna Todd, som oprindeligt opstod som en fanfiction om det tidligere One Direction-medlem Harry Styles. 
Dansk biografpremiere  11.04.2019
","https://info.kinorevuen.dk/wp-content/uploads/2021/07/after.jpg",70,100,40,5,"2023-01-30 04:06:47","2023-01-30 04:06:47"
4054,"Jeg er stadig Alice","jeg-er-stadig-alice","&#8216;Jeg er stadig Alice&#8217; bygger på en bog af Lisa Genova. Julianne Moore spiller titelrollen, mens hendes familie spilles af bl.a. Kristen Stewart, Alec Baldwin og Kate Bosworth. Julianne Moore har vundet en Golden Globe for sin præstation og en Oscar for Bedste kvindelige hovedrolle. 
Dansk biografpremiere  05.03.2015
","https://info.kinorevuen.dk/wp-content/uploads/2021/07/jeg-er-stadig-ali.jpg",70,100,40,5,"2023-01-30 04:06:47","2023-01-30 04:06:47"
4056,"Far from the Madding Crowd","far-from-the-madding-crowd","&#8216;Far from the Madding Crowd&#8217; er baseret på Thomas Hardys klassiske roman fra 1874 og er foruden at være forfatterens første litterære succes også kendt som Hardys klareste hyldest til den landlige idyl. Danske Thomas Vinterberg har instrueret den britiske periodefilm med Carey Mulligan og Matthias Schoenaerts i hovedrollerne.
Dansk biografpremiere  23.04.2015
","https://info.kinorevuen.dk/wp-content/uploads/2021/07/far-from-th.jpg",70,100,50,3,"2023-01-30 04:06:47","2023-01-30 04:06:47"
4058,"F for får Filmen","f-for-faar-filmen","Det er første gang, at Frode Får, bondemanden og hans hund kan ses som spillefilm i biografen. Tv-serien fra Aardman Animation, der er eksperter i stop motion, startede i 2007. Aardman har tidligere lavet film som Flugten fra hønsegården og Walter og Trofast. 
Dansk biografpremiere  26.03.2015
","https://info.kinorevuen.dk/wp-content/uploads/2021/07/f-for-faar.jpg",70,100,40,4,"2023-01-30 04:06:47","2023-01-30 04:06:47"
4060,"Valerian and the City of a Thousand Planets","valerian-and-the-city-of-a-thousand-planets","Science fiction-filmen &#8216;Valerian and the City of a Thousand Planets&#8217; er baseret på den franske tegneserie, der på dansk har titlen &#8216;Linda og Valentin&#8217;.
Filmen er instrueret af Luc Besson, der tidligere har udforsket genren i rumeventyret &#8220;Det femte element&#8221;. 
Dansk biografpremiere  03.08.2017
","https://info.kinorevuen.dk/wp-content/uploads/2021/07/valerian.jpg",70,100,70,5,"2023-01-30 04:06:47","2023-01-30 04:06:47"
4062,"It","it","Stephen Kings litterære værk er tidligere blevet filmatiseret i mini-serien af samme navn fra 1990 (Det Onde), hvor Tim Curry spillede den morderiske klovn. I den nye version er rollen overtaget af den noget yngre svensker Bill Skarsgård, der giver Pennywise en skræmmende barnlighed og uforudsigelighed.
Filmen er endt som den bedst indspillende gyser nogensinde med over 680 millioner dollars på verdensplan.
Dansk biografpremiere  07.09.2017
","https://info.kinorevuen.dk/wp-content/uploads/2021/07/it-nypl.jpg",70,100,100,1,"2023-01-30 04:06:47","2023-01-30 04:06:47"
4064,"My Little Pony Filmen","my-little-pony-filmen","Animationsfilmen &#8216;My Little Pony Filmen&#8217; handler om Twilight Sparkle, Applejack, Rainbow Dash, Pinkie Pie, Fluttershy og Rarity.
&#8216;My Little Pony Filmen&#8217; er ikke det eneste 80er-fænomen, som fremkalder nostalgi på det store filmlærred, og både Transformers og Teenage Mutant Ninja Turtles har fået flere filmatiseringer.
Dansk biografpremiere 05.10.2017
","https://info.kinorevuen.dk/wp-content/uploads/2021/07/mylittlepon.jpg",70,100,50,7,"2023-01-30 04:06:47","2023-01-30 04:06:47"
4066,"Happy ending","happy-ending","&#8220;HAPPY ENDING&#8221; er en smuk og dejlig fortælling om at det aldrig er for sent at få en ordentlig flyvetur eller at begynde at ryge.
I instruktørstolen sidder Hella Joof, som stod bag den populære danske komedie All Inclusive.
Medvirkende: Birthe Neumann, Kurt Ravn, Tammi Øst, Kurt Dreyer.
Dansk biografpremiere 25.12.2018
","https://info.kinorevuen.dk/wp-content/uploads/2021/07/happy-ending.jpg",70,100,30,6,"2023-01-30 04:06:47","2023-01-30 04:06:47"
4068,"Paul","paul","Seth Rogen lægger stemme til titelrollen i &#8216;Paul&#8217;, et rumvæsen som de sidste 60 år har hængt ud på en tophemmelig militærbase.
Simon Pegg og Nick Frost, der før har spillet umage makkere i &#8216;Shaun of the Dead&#8217; og &#8216;Hot Fuzz&#8217;, står for manuskriptet, og Greg Mottola instruerer.
Dansk biografpremiere 09.06.2011
","https://info.kinorevuen.dk/wp-content/uploads/2021/07/paulplak.jpg",70,100,70,3,"2023-01-30 04:06:47","2023-01-30 04:06:47"
4070,"Dumbo","dumbo"," &#8216;Dumbo&#8217; er en live action-version af Disneys klassiske tegnefilm fra 1941 om den flyvende elefantunge.
Instrueret af Tim Burton, som tidligere har transformeret klassikeren Alice i Eventyrland til spillefilm.
Dansk biografpremiere 28.03.2019
","https://info.kinorevuen.dk/wp-content/uploads/2021/07/dumbo.jpg",70,100,70,6,"2023-01-30 04:06:47","2023-01-30 04:06:47"
5325,"Moulin Rouge","moulin-rouge","Baz Luhrmanns version af den tragiske kærlighedsfortælling i 1800-tallets Paris er et filmisk festfyrværkeri. I ”syndens hule” i Paris år 1900 forelsker den unge forfatter Christian (Ewan McGregor) sig i kurtisanen Satine (Nicole Kidman). I et overvældende visuelt sanseorgie til tonerne af et fantastisk soundtrack, der eklektisk blander gammelt og nyt, får vi den tidløse fortælling om deres umulige kærlighed. En film om sandhed, skønhed og frihed, men mest af alt om kærlighed.
Medvirkende: Ewan McGregor, Nicole Kidman, John Leguizamo, Jim Broadbent.
Instruktør: Baz Luhrmann.
Dansk biografpremiere 12.10.2001
Original filmplakat.
Plakaten  er rullet, og har ikke været brugt til udstilling.
","https://info.kinorevuen.dk/wp-content/uploads/2021/12/img-3263.jpeg",62,85,350,1,"2023-01-30 04:06:47","2023-01-30 04:06:47"
5328,"Ringenes Herre - De to tårne","ringenes-herre-de-to-taarne","Filmen er en filmatisering af 2. bog i eventyrtriologien om ringenes herre og viderefører handlingen i filmen &#8220;Eventyret om ringen&#8221;. Hobitten Frodo har i første film fået overdraget en kraftfuld ring og har fået til opgave at destruere den for at redde verden.
Medvirkende: Elijah Wood, Ian McKellen, Viggo Mortensen.
Instruktør: Peter Jackson.
Dansk biografpremiere 18.12.2002
Original filmplakat.
Plakaten  er rullet, og har ikke været brugt til udstilling.
","https://info.kinorevuen.dk/wp-content/uploads/2021/12/img-3266.jpeg",62,85,300,1,"2023-01-30 04:06:47","2023-01-30 04:06:47"
5330,"Ringenes Herre - De to tårne","ringenes-herre-de-to-taarne-2","Filmen er en filmatisering af 2. bog i eventyrtriologien om ringenes herre og viderefører handlingen i filmen &#8220;Eventyret om ringen&#8221;. Hobitten Frodo har i første film fået overdraget en kraftfuld ring og har fået til opgave at destruere den for at redde verden.
Medvirkende: Elijah Wood, Ian McKellen, Viggo Mortensen.
Instruktør: Peter Jackson.
Dansk biografpremiere 18.12.2002
Original filmplakat.
Plakaten  er rullet, og har ikke været brugt til udstilling.
","https://info.kinorevuen.dk/wp-content/uploads/2021/12/img-3268.jpeg",62,85,200,1,"2023-01-30 04:06:47","2023-01-30 04:06:47"
5333,"Ringenes Herre - De to tårne (Teaser)","ringenes-herre-de-to-taarne-teaser","Filmen er en filmatisering af 2. bog i eventyrtriologien om ringenes herre og viderefører handlingen i filmen &#8220;Eventyret om ringen&#8221;. Hobitten Frodo har i første film fået overdraget en kraftfuld ring og har fået til opgave at destruere den for at redde verden.
Medvirkende: Elijah Wood, Ian McKellen, Viggo Mortensen.
Instruktør: Peter Jackson.
Dansk biografpremiere 18.12.2002
Original filmplakat.
Plakaten  er rullet, og har ikke været brugt til udstilling.
","https://info.kinorevuen.dk/wp-content/uploads/2021/12/img-3270.jpeg",62,85,150,1,"2023-01-30 04:06:47","2023-01-30 04:06:47"
5335,"Bloodshot","bloodshot","Bloodshot er baseret på den populære tegneserie af samme navn. Vin Diesel spiller Ray Garrison – en soldat, som bliver dræbt i kamp. Virksomheden RST genopliver ham som superhelten Bloodshot.
Instruktør: David S. F. Wilson.
Medvirkende: Vin Diesel, Eiza González, Lamorne Morris, Toby Kebbell, Guy Pearce. 
Dansk biografpremiere 16.04.2020
","https://info.kinorevuen.dk/wp-content/uploads/2021/12/bloodshotplakat.jpg",70,100,50,1,"2023-01-30 04:06:47","2023-01-30 04:06:47"
5337,"Old","old","&#8216;Old&#8217; er en ny film af M. Night Shyamalan, der tidligere har stået bag  The Sixth Sense, Unbreakable.
Instruktør: M. Night Shyamalan.
Medvirkende: Gael García Bernal, Vicky Krieps, Alex Wolff. 
Dansk biografpremiere 22.07.2021
","https://info.kinorevuen.dk/wp-content/uploads/2021/12/old-plakat.jpg",70,100,50,1,"2023-01-30 04:06:47","2023-01-30 04:06:47"
5346,"Cirkus Casablanca","cirkus-casablanca","Portræt af et par omrejsende gøglere og plattenslagere og deres problemer med jobs, penge og damer. Vi følger dem i en periode, hvor det går ned ad bakke med engagementer. De har svært ved at erkende, at gøglere af deres type er ved at uddø. 
Medvirkende: 	Erik Clausen, Leif Sylvester Petersen, Helle Fastrup, Niels Skousen.
Instruktør: 	Erik Clausen.
Manuskript	Erik Clausen, Mogens Kløvedal, Rumle Hammerich.
Dansk biografpremiere 27.02.1981
Plakaten har buk/folder samt små huller i hjørner fra nåle.
Filmplakaten bliver sendt foldet ,som den også engang blev leveret til biografen.
Plakaten bliver sendt i kraftig kuvert.
","https://info.kinorevuen.dk/wp-content/uploads/2021/12/img-3321.jpeg",62,85,375,1,"2023-01-30 04:06:47","2023-01-30 04:06:47"
5347,"Sartana's største kup","sartanas-stoerste-kup","Italiensk western 1970
Medvirkende: Gianni Garko, Nieves Navarro, Massimo Serato.
Instruktør: Giuliano Carnimeo.  	
Dansk biografpremiere 09.03.1973
Plakaten har buk/folder samt små huller i hjørner fra nåle.
Filmplakaten bliver sendt foldet ,som den også engang blev leveret til biografen.
Plakaten bliver sendt i kraftig kuvert.
","https://info.kinorevuen.dk/wp-content/uploads/2021/12/img-3327.jpeg",62,85,225,1,"2023-01-30 04:06:47","2023-01-30 04:06:47"
5350,"Hjælp - strisserne kommer","hjaelp-strisserne-kommer","Fransk komedie.
Louis de Fùnes i topform.
Medvirkende: Louis de Fùnes, Jean Lefebvre, Guy Grosso. 
Instruktør: 	Jean Girault.
Dansk biografpremiere 23.06.1971
Plakaten har buk/folder samt små huller i hjørner fra nåle.
Filmplakaten bliver sendt foldet ,som den også engang blev leveret til biografen.
Plakaten bliver sendt i kraftig kuvert.
","https://info.kinorevuen.dk/wp-content/uploads/2021/12/img-3318.jpeg",62,85,250,1,"2023-01-30 04:06:47","2023-01-30 04:06:47"
5353,"Birdy Nam Nam - The Party","birdy-nam-nam-the-party","Den ekstremt klodsede indiske filmstatist Hrundi V. Bakshi bliver ved en fejltagelse inviteret med til en stor Hollywood-producents party, hvor han forårsager betydelig ravage.
Peter Sellers i topform.
Medvirkende: Peter Sellers, Claudine Longet, Jean Carson, Al Checco. 
Instruktør: Blake Edwards.
Dansk biografpremiere 13.01.1969
Plakaten har buk/folder samt små huller i hjørner fra nåle samt let afrevet hjørne og spor efter taperest. (se foto)
Filmplakaten bliver sendt foldet ,som den også engang blev leveret til biografen.
Plakaten bliver sendt i kraftig kuvert.
","https://info.kinorevuen.dk/wp-content/uploads/2021/12/img-3316.jpeg",60,85,200,1,"2023-01-30 04:06:47","2023-01-30 04:06:47"
5355,"Emil og Grisebassen","emil-og-grisebassen","Svensk familiefilm fra 1973 efter Astrid Lindgrens fortælling. .
Medvirkende: Jan Ohlsson, Lena Wisborg, Allan Edwall. 
Instruktør: Olle Hellbom.
Dansk biografpremiere 16.03.1974
Plakaten har buk/folder samt små huller i hjørner fra nåle.
Filmplakaten bliver sendt foldet ,som den også engang blev leveret til biografen.
Plakaten bliver sendt i kraftig kuvert.
","https://info.kinorevuen.dk/wp-content/uploads/2021/12/img-3285.jpeg",60,85,375,1,"2023-01-30 04:06:47","2023-01-30 04:06:47"
5358,"Star Crash - Stjerne-Duel","star-crash-stjerne-duel","Amerikansk film fra 1978 instrueret og skrevet af den italienske filmskaber Luigi Cozzi.  
Medvirkende: Marjoe Gortner, Caroline Munro, Christopher Plummer, David Hasselhoff og Joe Spinell. 
Dansk biografpremiere 08.06.1979
Plakaten har buk/folder samt små huller i hjørner fra nåle.
Filmplakaten bliver sendt foldet ,som den også engang blev leveret til biografen.
Plakaten bliver sendt i kraftig kuvert.
","https://info.kinorevuen.dk/wp-content/uploads/2021/12/img-3271.jpeg",60,85,650,1,"2023-01-30 04:06:47","2023-01-30 04:06:47"
5359,"Mads og Mikkel","mads-og-mikkel","Walt Disneys &#8216;Mads og Mikkel&#8217; fortæller historien om et vendskab på trods af grænser.  
Dansk biografpremiere 04.12.1981
Plakaten har buk/folder samt små huller i hjørner fra nåle.
Filmplakaten bliver sendt foldet ,som den også engang blev leveret til biografen.
Plakaten bliver sendt i kraftig kuvert.
","https://info.kinorevuen.dk/wp-content/uploads/2021/12/img-3338.jpeg",60,85,275,1,"2023-01-30 04:06:47","2023-01-30 04:06:47"
5361,"Tigerdyrets Familiefest","tigerdyrets-familiefest","Walt Disney.  
Dansk biografpremiere 06.10.2000
Plakaten har buk/folder samt små huller i hjørner fra nåle.
Filmplakaten bliver sendt foldet ,som den også engang blev leveret til biografen.
Plakaten bliver sendt i kraftig kuvert.
","https://info.kinorevuen.dk/wp-content/uploads/2021/12/img-3375.jpeg",60,85,200,1,"2023-01-30 04:06:47","2023-01-30 04:06:47"
5363,"Drugstore Cowboy","drugstore-cowboy","Stofmisbrugeres fristelser og daglige behov for stoffer skildret gennem en almindelig narkomans hverdag, hvor alt drejer sig om jagten på stoffer. Det er en heldagsbeskæftigelse, som kræver en evig planlægning, hårdt slid og en stor portion held.  
efter roman af James Fogle
Medvirkende: Matt Dillon, Kelly Lynch, James LeGros. 
Instruktør: Gus Van Sant.
Dansk biografpremiere 26.10.1990
Plakaten har buk/folder samt små huller i hjørner fra nåle.
Filmplakaten bliver sendt foldet ,som den også engang blev leveret til biografen.
Plakaten bliver sendt i kraftig kuvert.
","https://info.kinorevuen.dk/wp-content/uploads/2021/12/img-3367.jpeg",60,85,550,1,"2023-01-30 04:06:47","2023-01-30 04:06:47"
5366,"Hot Spot","hot-spot","Baseret på bogen Hell Hath No Fury af Charles Williams.
Medvirkende: Don Johnson, Virginia Madsen, Jennifer Connelly. 
Instruktør: Dennis Hopper.
Dansk biografpremiere 08.02.1991
Plakaten har buk/folder samt små huller i hjørner fra nåle.
Filmplakaten bliver sendt foldet ,som den også engang blev leveret til biografen.
Plakaten bliver sendt i kraftig kuvert.
","https://info.kinorevuen.dk/wp-content/uploads/2021/12/img-3364.jpeg",60,85,275,1,"2023-01-30 04:06:47","2023-01-30 04:06:47"
5378,"Operation Triple Cross","operation-triple-cross","Britisk-fransk film instrueret af Terence Young.
Inspireret af bogen The Eddie Chapman Story. 
Medvirkende: Christopher Plummer, Romy Schneider, Gert Fröbe, Trevor Howard, Yul Brynner.
Dansk biografpremiere 29.05.1967
Plakaten har buk/folder.
Filmplakaten bliver sendt foldet ,som den også engang blev leveret til biografen.
Plakaten bliver sendt i kraftig kuvert
","https://info.kinorevuen.dk/wp-content/uploads/2022/01/img-3517.jpeg",62,85,225,1,"2023-01-30 04:06:47","2023-01-30 04:06:47"
5382,"Djævle-kommandoen angriber","djaevle-kommandoen-angriber","Spansk film instrueret af Francis Posadas.
Om kamp mellem regeringstropper og partisanbevægelse.
Medvirkende: Anthony Alonzo, Rey Malonzo.
Dansk biografpremiere 02.04.1984
Plakaten har buk/folder.
Filmplakaten bliver sendt foldet ,som den også engang blev leveret til biografen.
Plakaten bliver sendt i kraftig kuvert
","https://info.kinorevuen.dk/wp-content/uploads/2022/01/img-3513.jpeg",62,85,75,1,"2023-01-30 04:06:47","2023-01-30 04:06:47"
5387,"Buddy gi'r en håndfuld øretæver","buddy-gir-en-haandfuld-oeretaever","Med manden med de to næver, der får det vilde vesten til at ryste. 
Medvirkende: Bud Spencer, Amidou, Renato Scarpa.
Instruktør: Michele Lupo. 
Dansk biografpremiere 21.08.1981
Plakaten har buk/folder.
Filmplakaten bliver sendt foldet ,som den også engang blev leveret til biografen.
Plakaten bliver sendt i kraftig kuvert
","https://info.kinorevuen.dk/wp-content/uploads/2022/01/img-3443.jpeg",62,85,400,1,"2023-01-30 04:06:47","2023-01-30 04:06:47"
5388,"Hun-Djævelen","hun-djaevelen","Om den berømte, feterede og smukke forfatterinde Mary Fisher og den grimme klodsede og tykke Ruth Patchett.
Medvirkende: Meryl Streep, Roseanne Barr, Ed Begley Jr.
Instruktør: Susan Seidelman
Dansk biografpremiere 09.02.1990
Plakaten har buk/folder.
Filmplakaten bliver sendt foldet ,som den også engang blev leveret til biografen.
Plakaten bliver sendt i kraftig kuvert
","https://info.kinorevuen.dk/wp-content/uploads/2022/01/img-3438.jpeg",62,85,250,1,"2023-01-30 04:06:47","2023-01-30 04:06:47"
5389,"Batman &amp; Robin","batman-robin","Batman og Robin kæmper mod den onde Iceman og den onde Ivy. Sidstnævnte vil udrydde alle mennesker på jorden for at redde naturen.
Medvirkende: George Clooney, Chris O&#8217;Donnell, Arnold Schwarzenegger.
Instruktør: Joel Schumacher.
Dansk biografpremiere 18.07.1997
","https://info.kinorevuen.dk/wp-content/uploads/2022/01/img-3436.jpeg",62,85,275,1,"2023-01-30 04:06:47","2023-01-30 04:06:47"
5391,"Unge Astrid","unge-astrid","En rørende historie om Astrid Lindgrens unge år.  
Medvirkende: Alba August, Maria Bonnevie, Trine Dyrholm, Henrik Rafaelsen, Magnus Krepper, Björn Gustafsson.
Instruktør: Pernille Fischer Christensen
Dansk biografpremiere  31.01.2019
","https://info.kinorevuen.dk/wp-content/uploads/2022/01/unge-astrid-poster1.jpg",70,100,70,4,"2023-01-30 04:06:47","2023-01-30 04:06:47"
5393,"Rock of Ages","rock-of-ages","I The Bourbon Room på Sunset Strip mødes alle Los Angeles&#8217; heavy-fans i 1980&#8217;erne, inklusiv de håbefulde sangere Drew og Sherrie, der falder for hinanden..  
Medvirkende: Tom Cruise, Julianne Hough, Russell Brand.
Instruktør: Adam Shankman.
USA biografpremiere  15.06.2012
","https://info.kinorevuen.dk/wp-content/uploads/2022/01/offspring-entertainment-rock-of-ages-400x600c.jpg",70,100,50,5,"2023-01-30 04:06:47","2023-01-30 04:06:47"
5396,"Yentl","yentl","Barbra Streisand tager sig selv af hovedrollen i sin instruktørdebut, det Oscar-belønnede musical-drama ”Yentl”. 
Medvirkende: Barbra Streisand, Mandy Patinkin, Amy Irving.
Instruktør: Barbra Streisand. 
Dansk biografpremiere 30.03.1984
Plakaten har buk/folder.
Filmplakaten bliver sendt foldet ,som den også engang blev leveret til biografen.
Plakaten bliver sendt i kraftig kuvert
","https://info.kinorevuen.dk/wp-content/uploads/2022/01/img-3481.jpeg",62,85,200,1,"2023-01-30 04:06:47","2023-01-30 04:06:47"
5401,"Røven fuld af penge","roeven-fuld-af-penge","Amerikansk komediefilm  instrueret og skrevet af Harold Ramis. 
Medvirkende: Bill Murray, Chevy Chase, Rodney Dangerfield.
Instruktør: Harold Ramis. 
Dansk biografpremiere 03.05.1982
Plakaten har buk/folder.
Filmplakaten bliver sendt foldet ,som den også engang blev leveret til biografen.
Plakaten bliver sendt i kraftig kuvert
","https://info.kinorevuen.dk/wp-content/uploads/2022/01/img-3297.jpeg",62,85,175,1,"2023-01-30 04:06:47","2023-01-30 04:06:47"
5404,"Røven fuld af penge","roeven-fuld-af-penge-2","Amerikansk komediefilm  instrueret og skrevet af Harold Ramis. 
Medvirkende: Bill Murray, Chevy Chase, Rodney Dangerfield.
Instruktør: Harold Ramis. 
Dansk biografpremiere 03.05.1982
Plakaten har buk/folder.
Filmplakaten bliver sendt foldet ,som den også engang blev leveret til biografen.
Plakaten bliver sendt i kraftig kuvert
","https://info.kinorevuen.dk/wp-content/uploads/2022/01/img-3299.jpeg",62,85,250,1,"2023-01-30 04:06:47","2023-01-30 04:06:47"
